Workbook

Sheet Auction
A1: 🏏 CRICKET AUCTION — MASTER LIST
A2: Every player is listed below. For each SOLD player type the Price (CRORES: 1.20 = 1cr 20L) and pick the buying Team from the drop-down. Role / Base / Grade are pre-filled. Filter by Grade, Role or Team.
A4: Player | B4: Price (Cr) | C4: Team | D4: Role | E4: Base (Cr) | F4: Grade | H4: Pool size | I4: =COUNTA(A5:A1000)
A5: Virat Kohli | B5: 27.5 | C5: Imphal Igniter | D5: =IFERROR(T(VLOOKUP($A5,Players!$A:$E,2,FALSE)),"") | E5: 3 | F5: A | H5: Players sold | I5: =COUNTA(C5:C1000)
A6: Sai Sudharsan | B6: 23.5 | C6: Gujarat Titans | D6: =IFERROR(T(VLOOKUP($A6,Players!$A:$E,2,FALSE)),"") | E6: 3 | F6: A | H6: Total spend (Cr) | I6: =SUM(B5:B1000)
A7: Suryakumar Yadav | B7: 21.5 | C7: Patna Panthers | D7: =IFERROR(T(VLOOKUP($A7,Players!$A:$E,2,FALSE)),"") | E7: 3 | F7: A
A8: Shubman Gill | B8: 28 | C8: Punjab Kings | D8: =IFERROR(T(VLOOKUP($A8,Players!$A:$E,2,FALSE)),"") | E8: 3 | F8: A
A9: Nicholas Pooran | D9: =IFERROR(T(VLOOKUP($A9,Players!$A:$E,2,FALSE)),"") | E9: 3 | F9: A
A10: Travis Head | D10: =IFERROR(T(VLOOKUP($A10,Players!$A:$E,2,FALSE)),"") | E10: 3 | F10: A
A11: Abhishek Sharma | B11: 16 | C11: Lucknow Super Giants | D11: =IFERROR(T(VLOOKUP($A11,Players!$A:$E,2,FALSE)),"") | E11: 3 | F11: A
A12: Yashasvi Jaiswal | D12: =IFERROR(T(VLOOKUP($A12,Players!$A:$E,2,FALSE)),"") | E12: 3 | F12: A
A13: Phil Salt | D13: =IFERROR(T(VLOOKUP($A13,Players!$A:$E,2,FALSE)),"") | E13: 3 | F13: A
A14: Vaibhav Suryavanshi | B14: 16.5 | C14: Kolkata Knight Riders | D14: =IFERROR(T(VLOOKUP($A14,Players!$A:$E,2,FALSE)),"") | E14: 3 | F14: A
A15: Jasprit Bumrah | B15: 24.25 | C15: Rising Pune Super Giants | D15: =IFERROR(T(VLOOKUP($A15,Players!$A:$E,2,FALSE)),"") | E15: 3 | F15: A
A16: Arshdeep Singh | D16: =IFERROR(T(VLOOKUP($A16,Players!$A:$E,2,FALSE)),"") | E16: 3 | F16: A
A17: Mohammed Siraj | B17: 14.5 | C17: Sunrisers Hydrabad | D17: =IFERROR(T(VLOOKUP($A17,Players!$A:$E,2,FALSE)),"") | E17: 3 | F17: A
A18: Varun Chakaravarthy | D18: =IFERROR(T(VLOOKUP($A18,Players!$A:$E,2,FALSE)),"") | E18: 3 | F18: A
A19: Harshal Patel | D19: =IFERROR(T(VLOOKUP($A19,Players!$A:$E,2,FALSE)),"") | E19: 3 | F19: A
A20: Noor Ahmad | D20: =IFERROR(T(VLOOKUP($A20,Players!$A:$E,2,FALSE)),"") | E20: 3 | F20: A
A21: Mitchell Starc | B21: 13 | C21: Punjab Kings | D21: =IFERROR(T(VLOOKUP($A21,Players!$A:$E,2,FALSE)),"") | E21: 3 | F21: A
A22: Trent Boult | D22: =IFERROR(T(VLOOKUP($A22,Players!$A:$E,2,FALSE)),"") | E22: 3 | F22: A
A23: Josh Hazlewood | D23: =IFERROR(T(VLOOKUP($A23,Players!$A:$E,2,FALSE)),"") | E23: 3 | F23: A
A24: Kagiso Rabada | B24: 22 | C24: Kochi Tuskers | D24: =IFERROR(T(VLOOKUP($A24,Players!$A:$E,2,FALSE)),"") | E24: 3 | F24: A
A25: Hardik Pandya | B25: 26 | C25: Guwahati Chargers | D25: =IFERROR(T(VLOOKUP($A25,Players!$A:$E,2,FALSE)),"") | E25: 3 | F25: A
A26: Sunil Narine | D26: =IFERROR(T(VLOOKUP($A26,Players!$A:$E,2,FALSE)),"") | E26: 3 | F26: A
A27: Andre Russell | D27: =IFERROR(T(VLOOKUP($A27,Players!$A:$E,2,FALSE)),"") | E27: 3 | F27: A
A28: Ravindra Jadeja | D28: =IFERROR(T(VLOOKUP($A28,Players!$A:$E,2,FALSE)),"") | E28: 3 | F28: A
A29: Axar Patel | D29: =IFERROR(T(VLOOKUP($A29,Players!$A:$E,2,FALSE)),"") | E29: 3 | F29: A
A30: Krunal Pandya | D30: =IFERROR(T(VLOOKUP($A30,Players!$A:$E,2,FALSE)),"") | E30: 3 | F30: A
A31: Nitish Kumar Reddy | D31: =IFERROR(T(VLOOKUP($A31,Players!$A:$E,2,FALSE)),"") | E31: 3 | F31: A
A32: Marcus Stoinis | D32: =IFERROR(T(VLOOKUP($A32,Players!$A:$E,2,FALSE)),"") | E32: 3 | F32: A
A33: Washington Sundar | D33: =IFERROR(T(VLOOKUP($A33,Players!$A:$E,2,FALSE)),"") | E33: 3 | F33: A
A34: Cameron Green | D34: =IFERROR(T(VLOOKUP($A34,Players!$A:$E,2,FALSE)),"") | E34: 3 | F34: A
A35: Sanju Samson | B35: 19.5 | C35: Lucknow Super Giants | D35: =IFERROR(T(VLOOKUP($A35,Players!$A:$E,2,FALSE)),"") | E35: 3 | F35: A
A36: Rishabh Pant | B36: 17 | C36: Guwahati Chargers | D36: =IFERROR(T(VLOOKUP($A36,Players!$A:$E,2,FALSE)),"") | E36: 3 | F36: A
A37: KL Rahul | B37: 29 | C37: Sunrisers Hydrabad | D37: =IFERROR(T(VLOOKUP($A37,Players!$A:$E,2,FALSE)),"") | E37: 3 | F37: A
A38: Ishan Kishan | B38: 24.5 | C38: Gujarat Titans | D38: =IFERROR(T(VLOOKUP($A38,Players!$A:$E,2,FALSE)),"") | E38: 3 | F38: A
A39: Jitesh Sharma | B39: 10.25 | C39: Punjab Kings | D39: =IFERROR(T(VLOOKUP($A39,Players!$A:$E,2,FALSE)),"") | E39: 3 | F39: A
A40: Heinrich Klaasen | B40: 30 | C40: Kochi Tuskers | D40: =IFERROR(T(VLOOKUP($A40,Players!$A:$E,2,FALSE)),"") | E40: 3 | F40: A
A41: Ruturaj Gaikwad | B41: 18.5 | C41: Chennai Super Kings | D41: =IFERROR(T(VLOOKUP($A41,Players!$A:$E,2,FALSE)),"") | E41: 2 | F41: B
A42: Devdutt Padikkal | B42: 19.5 | C42: Kolkata Knight Riders | D42: =IFERROR(T(VLOOKUP($A42,Players!$A:$E,2,FALSE)),"") | E42: 2 | F42: B
A43: Tilak Varma | B43: 22.5 | C43: Royal Challangers Banglore | D43: =IFERROR(T(VLOOKUP($A43,Players!$A:$E,2,FALSE)),"") | E43: 2 | F43: B
A44: Nehal Wadhera | B44: 6 | C44: Guwahati Chargers | D44: =IFERROR(T(VLOOKUP($A44,Players!$A:$E,2,FALSE)),"") | E44: 2 | F44: B
A45: Rinku Singh | B45: 14.5 | C45: Gujarat Titans | D45: =IFERROR(T(VLOOKUP($A45,Players!$A:$E,2,FALSE)),"") | E45: 2 | F45: B
A46: Ajinkya Rahane | B46: 8.75 | C46: Rajasthan Royals | D46: =IFERROR(T(VLOOKUP($A46,Players!$A:$E,2,FALSE)),"") | E46: 2 | F46: B
... A52: Sameer Rizvi | B52: 8.75 | C52: Kolkata Knight Riders | D52: =IFERROR(T(VLOOKUP($A52,Players!$A:$E,2,FALSE)),"") | E52: 2 | F52: B
A53: Sherfane Rutherford | D53: =IFERROR(T(VLOOKUP($A53,Players!$A:$E,2,FALSE)),"") | E53: 2 | F53: B
A54: Dewald Brevis | B54: 10 | C54: Lucknow Super Giants | D54: =IFERROR(T(VLOOKUP($A54,Players!$A:$E,2,FALSE)),"") | E54: 2 | F54: B
A55: Tim David | D55: =IFERROR(T(VLOOKUP($A55,Players!$A:$E,2,FALSE)),"") | E55: 2 | F55: B
A56: Faf du Plessis | B56: 12.5 | C56: Delhi Capitals | D56: =IFERROR(T(VLOOKUP($A56,Players!$A:$E,2,FALSE)),"") | E56: 2 | F56: B
A57: David Miller | D57: =IFERROR(T(VLOOKUP($A57,Players!$A:$E,2,FALSE)),"") | E57: 2 | F57: B
A58: Rovman Powell | D58: =IFERROR(T(VLOOKUP($A58,Players!$A:$E,2,FALSE)),"") | E58: 2 | F58: B
A59: Shimron Hetmyer | D59: =IFERROR(T(VLOOKUP($A59,Players!$A:$E,2,FALSE)),"") | E59: 2 | F59: B
A60: Harry Brook | D60: =IFERROR(T(VLOOKUP($A60,Players!$A:$E,2,FALSE)),"") | E60: 2 | F60: B
A61: Aiden Markram | D61: =IFERROR(T(VLOOKUP($A61,Players!$A:$E,2,FALSE)),"") | E61: 2 | F61: B
A62: Rahul Tewatia | D62: =IFERROR(T(VLOOKUP($A62,Players!$A:$E,2,FALSE)),"") | E62: 2 | F62: B
A63: Ramandeep Singh | D63: =IFERROR(T(VLOOKUP($A63,Players!$A:$E,2,FALSE)),"") | E63: 2 | F63: B
A64: Ayush Badoni | D64: =IFERROR(T(VLOOKUP($A64,Players!$A:$E,2,FALSE)),"") | E64: 2 | F64: B
A65: Rohit Sharma | B65: 26.5 | C65: Mumbai Indians | D65: =IFERROR(T(VLOOKUP($A65,Players!$A:$E,2,FALSE)),"") | E65: 2 | F65: B
A66: Abdul Samad | D66: =IFERROR(T(VLOOKUP($A66,Players!$A:$E,2,FALSE)),"") | E66: 2 | F66: B
A67: Shahrukh Khan | D67: =IFERROR(T(VLOOKUP($A67,Players!$A:$E,2,FALSE)),"") | E67: 2 | F67: B
A68: Manish Pandey | D68: =IFERROR(T(VLOOKUP($A68,Players!$A:$E,2,FALSE)),"") | E68: 2 | F68: B
A69: Sai Kishore | D69: =IFERROR(T(VLOOKUP($A69,Players!$A:$E,2,FALSE)),"") | E69: 2 | F69: B
A70: Rajat Patidar | B70: 18.5 | C70: Delhi Capitals | D70: =IFERROR(T(VLOOKUP($A70,Players!$A:$E,2,FALSE)),"") | E70: 2 | F70: B
A71: Bhuvneshwar Kumar | D71: =IFERROR(T(VLOOKUP($A71,Players!$A:$E,2,FALSE)),"") | E71: 2 | F71: B
A72: Avesh Khan | B72: 14.5 | C72: Rajasthan Royals | D72: =IFERROR(T(VLOOKUP($A72,Players!$A:$E,2,FALSE)),"") | E72: 2 | F72: B
A73: Mukesh Kumar | D73: =IFERROR(T(VLOOKUP($A73,Players!$A:$E,2,FALSE)),"") | E73: 2 | F73: B
A74: Khaleel Ahmed | D74: =IFERROR(T(VLOOKUP($A74,Players!$A:$E,2,FALSE)),"") | E74: 2 | F74: B
A75: Deepak Chahar | D75: =IFERROR(T(VLOOKUP($A75,Players!$A:$E,2,FALSE)),"") | E75: 2 | F75: B
A76: Yash Dayal | D76: =IFERROR(T(VLOOKUP($A76,Players!$A:$E,2,FALSE)),"") | E76: 2 | F76: B
A77: Akash Deep | D77: =IFERROR(T(VLOOKUP($A77,Players!$A:$E,2,FALSE)),"") | E77: 2 | F77: B
A78: Mohsin Khan | D78: =IFERROR(T(VLOOKUP($A78,Players!$A:$E,2,FALSE)),"") | E78: 2 | F78: B
A79: Simarjeet Singh | D79: =IFERROR(T(VLOOKUP($A79,Players!$A:$E,2,FALSE)),"") | E79: 2 | F79: B
A80: Yash Thakur | D80: =IFERROR(T(VLOOKUP($A80,Players!$A:$E,2,FALSE)),"") | E80: 2 | F80: B
A81: Mayank Yadav | D81: =IFERROR(T(VLOOKUP($A81,Players!$A:$E,2,FALSE)),"") | E81: 2 | F81: B
A82: Nandre Burger | D82: =IFERROR(T(VLOOKUP($A82,Players!$A:$E,2,FALSE)),"") | E82: 2 | F82: B
A83: Gerald Coetzee | D83: =IFERROR(T(VLOOKUP($A83,Players!$A:$E,2,FALSE)),"") | E83: 2 | F83: B
A84: Prasidh Krishna | D84: =IFERROR(T(VLOOKUP($A84,Players!$A:$E,2,FALSE)),"") | E84: 2 | F84: B
A85: T. Natarajan | B85: 8.25 | C85: Kolkata Knight Riders | D85: =IFERROR(T(VLOOKUP($A85,Players!$A:$E,2,FALSE)),"") | E85: 2 | F85: B
A86: Kuldeep Yadav | B86: 20 | C86: Mumbai Indians | D86: =IFERROR(T(VLOOKUP($A86,Players!$A:$E,2,FALSE)),"") | E86: 2 | F86: B
A87: Lockie Ferguson | D87: =IFERROR(T(VLOOKUP($A87,Players!$A:$E,2,FALSE)),"") | E87: 2 | F87: B
A88: Matheesha Pathirana | D88: =IFERROR(T(VLOOKUP($A88,Players!$A:$E,2,FALSE)),"") | E88: 2 | F88: B
A89: Spencer Johnson | B89: 5.75 | C89: Patna Panthers | D89: =IFERROR(T(VLOOKUP($A89,Players!$A:$E,2,FALSE)),"") | E89: 2 | F89: B
A90: Richard Gleeson | D90: =IFERROR(T(VLOOKUP($A90,Players!$A:$E,2,FALSE)),"") | E90: 2 | F90: B
A91: Yuzvendra Chahal | B91: 12 | C91: Royal Challangers Banglore | D91: =IFERROR(T(VLOOKUP($A91,Players!$A:$E,2,FALSE)),"") | E91: 2 | F91: B
A92: Ravi Bishnoi | D92: =IFERROR(T(VLOOKUP($A92,Players!$A:$E,2,FALSE)),"") | E92: 2 | F92: B
A93: R. Sai Kishore | D93: =IFERROR(T(VLOOKUP($A93,Players!$A:$E,2,FALSE)),"") | E93: 2 | F93: B
A94: Maheesh Theekshana | B94: 5.75 | C94: Guwahati Chargers | D94: =IFERROR(T(VLOOKUP($A94,Players!$A:$E,2,FALSE)),"") | E94: 2 | F94: B
A95: Rahul Chahar | D95: =IFERROR(T(VLOOKUP($A95,Players!$A:$E,2,FALSE)),"") | E95: 2 | F95: B
A96: Suyash Sharma | D96: =IFERROR(T(VLOOKUP($A96,Players!$A:$E,2,FALSE)),"") | E96: 2 | F96: B
A97: Karn Sharma | D97: =IFERROR(T(VLOOKUP($A97,Players!$A:$E,2,FALSE)),"") | E97: 2 | F97: B
A98: M. Siddharth | D98: =IFERROR(T(VLOOKUP($A98,Players!$A:$E,2,FALSE)),"") | E98: 2 | F98: B
A99: Shamar Joseph | D99: =IFERROR(T(VLOOKUP($A99,Players!$A:$E,2,FALSE)),"") | E99: 2 | F99: B
A100: Anrich Nortje | B100: 7 | C100: Mumbai Indians | D100: =IFERROR(T(VLOOKUP($A100,Players!$A:$E,2,FALSE)),"") | E100: 2 | F100: B
A101: Shivam Dube | D101: =IFERROR(T(VLOOKUP($A101,Players!$A:$E,2,FALSE)),"") | E101: 2 | F101: B
A102: Shahbaz Ahmed | D102: =IFERROR(T(VLOOKUP($A102,Players!$A:$E,2,FALSE)),"") | E102: 2 | F102: B
A103: Vijay Shankar | D103: =IFERROR(T(VLOOKUP($A103,Players!$A:$E,2,FALSE)),"") | E103: 2 | F103: B
A104: Deepak Hooda | B104: 4.5 | C104: Punjab Kings | D104: =IFERROR(T(VLOOKUP($A104,Players!$A:$E,2,FALSE)),"") | E104: 2 | F104: B
A105: Liam Livingstone | B105: 13 | C105: Patna Panthers | D105: =IFERROR(T(VLOOKUP($A105,Players!$A:$E,2,FALSE)),"") | E105: 2 | F105: B
A106: Glenn Maxwell | B106: 12.5 | C106: Rajasthan Royals | D106: =IFERROR(T(VLOOKUP($A106,Players!$A:$E,2,FALSE)),"") | E106: 2 | F106: B
...

Sheet Balance
A1: 💰 TEAM PURSE & BALANCE
A2: Rename a team here and it updates everywhere (drop-down + that team's sheet). Purse is editable per team. All figures in crores.
A3: Team | B3: Purse (Cr) | C3: Spent (Cr) | D3: Balance (Cr) | E3: Players
A4: Mumbai Indians | B4: 100 | C4: =SUMIF(Auction!$C$5:$C$1000,$A4,Auction!$B$5:$B$1000) | D4: =B4-C4 | E4: =COUNTIF(Auction!$C$5:$C$1000,$A4)
A5: Royal Challangers Banglore | B5: 100 | C5: =SUMIF(Auction!$C$5:$C$1000,$A5,Auction!$B$5:$B$1000) | D5: =B5-C5 | E5: =COUNTIF(Auction!$C$5:$C$1000,$A5)
A6: Chennai Super Kings | B6: 100 | C6: =SUMIF(Auction!$C$5:$C$1000,$A6,Auction!$B$5:$B$1000) | D6: =B6-C6 | E6: =COUNTIF(Auction!$C$5:$C$1000,$A6)
A7: Kolkata Knight Riders | B7: 100 | C7: =SUMIF(Auction!$C$5:$C$1000,$A7,Auction!$B$5:$B$1000) | D7: =B7-C7 | E7: =COUNTIF(Auction!$C$5:$C$1000,$A7)
A8: Patna Panthers | B8: 100 | C8: =SUMIF(Auction!$C$5:$C$1000,$A8,Auction!$B$5:$B$1000) | D8: =B8-C8 | E8: =COUNTIF(Auction!$C$5:$C$1000,$A8)
A9: Sunrisers Hydrabad | B9: 100 | C9: =SUMIF(Auction!$C$5:$C$1000,$A9,Auction!$B$5:$B$1000) | D9: =B9-C9 | E9: =COUNTIF(Auction!$C$5:$C$1000,$A9)
A10: Delhi Capitals | B10: 100 | C10: =SUMIF(Auction!$C$5:$C$1000,$A10,Auction!$B$5:$B$1000) | D10: =B10-C10 | E10: =COUNTIF(Auction!$C$5:$C$1000,$A10)
A11: Gujarat Titans | B11: 100 | C11: =SUMIF(Auction!$C$5:$C$1000,$A11,Auction!$B$5:$B$1000) | D11: =B11-C11 | E11: =COUNTIF(Auction!$C$5:$C$1000,$A11)
A12: Lucknow Super Giants | B12: 100 | C12: =SUMIF(Auction!$C$5:$C$1000,$A12,Auction!$B$5:$B$1000) | D12: =B12-C12 | E12: =COUNTIF(Auction!$C$5:$C$1000,$A12)
A13: Imphal Igniter | B13: 100 | C13: =SUMIF(Auction!$C$5:$C$1000,$A13,Auction!$B$5:$B$1000) | D13: =B13-C13 | E13: =COUNTIF(Auction!$C$5:$C$1000,$A13)
A14: Punjab Kings | B14: 100 | C14: =SUMIF(Auction!$C$5:$C$1000,$A14,Auction!$B$5:$B$1000) | D14: =B14-C14 | E14: =COUNTIF(Auction!$C$5:$C$1000,$A14)
A15: Rising Pune Super Giants | B15: 100 | C15: =SUMIF(Auction!$C$5:$C$1000,$A15,Auction!$B$5:$B$1000) | D15: =B15-C15 | E15: =COUNTIF(Auction!$C$5:$C$1000,$A15)
... A18: Guwahati Chargers | B18: 100 | C18: =SUMIF(Auction!$C$5:$C$1000,$A18,Auction!$B$5:$B$1000) | D18: =B18-C18 | E18: =COUNTIF(Auction!$C$5:$C$1000,$A18)
A19: TOTAL | B19: =SUM(B4:B18) | C19: =SUM(C4:C18) | D19: =SUM(D4:D18) | E19: =SUM(E4:E18)

Sheet Summary
B2: =Balance!$A$4 | F2: =Balance!$A$5 | J2: =Balance!$A$6 | N2: =Balance!$A$7 | R2: =Balance!$A$8
B3: S.No | C3: Player Name | D3: Amount | F3: S.No | G3: Player Name | H3: Amount | J3: S.No | K3: Player Name | L3: Amount | N3: S.No | O3: Player Name | P3: Amount | R3: S.No | S3: Player Name | T3: Amount
B4: 1 | C4: {=IFERROR(INDEX(Auction!$A$5:$A$1000,SMALL(IF(Auction!$C$5:$C$1000=$B$2,ROW(Auction!$C$5:$C$1000)-ROW(Auction!$C$5)+1),1)),"")} | D4: {=IFERROR(INDEX(Auction!$B$5:$B$1000,SMALL(IF(Auction!$C$5:$C$1000=$B$2,ROW(Auction!$C$5:$C$1000)-ROW(Auction!$C$5)+1),1)),"")} | F4: 1 | G4: {=IFERROR(INDEX(Auction!$A$5:$A$1000,SMALL(IF(Auction!$C$5:$C$1000=$F$2,ROW(Auction!$C$5:$C$1000)-ROW(Auction!$C$5)+1),1)),"")} | H4: {=IFERROR(INDEX(Auction!$B$5:$B$1000,SMALL(IF(Auction!$C$5:$C$1000=$F$2,ROW(Auction!$C$5:$C$1000)-ROW(Auction!$C$5)+1),1)),"")} | J4: 1 | K4: {=IFERROR(INDEX(Auction!$A$5:$A$1000,SMALL(IF(Auction!$C$5:$C$1000=$J$2,ROW(Auction!$C$5:$C$1000)-ROW(Auction!$C$5)+1),1)),"")} | L4: {=IFERROR(INDEX(Auction!$B$5:$B$1000,SMALL(IF(Auction!$C$5:$C$1000=$J$2,ROW(Auction!$C$5:$C$1000)-ROW(Auction!$C$5)+1),1)),"")} | N4: 1 | O4: {=IFERROR(INDEX(Auction!$A$5:$A$1000,SMALL(IF(Auction!$C$5:$C$1000=$N$2,ROW(Auction!$C$5:$C$1000)-ROW(Auction!$C$5)+1),1)),"")} | P4: {=IFERROR(INDEX(Auction!$B$5:$B$1000,SMALL(IF(Auction!$C$5:$C$1000=$N$2,ROW(Auction!$C$5:$C$1000)-ROW(Auction!$C$5)+1),1)),"")} | R4: 1 | S4: {=IFERROR(INDEX(Auction!$A$5:$A$1000,SMALL(IF(Auction!$C$5:$C$1000=$R$2,ROW(Auction!$C$5:$C$1000)-ROW(Auction!$C$5)+1),1)),"")} | T4: {=IFERROR(INDEX(Auction!$B$5:$B$1000,SMALL(IF(Auction!$C$5:$C$1000=$R$2,ROW(Auction!$C$5:$C$1000)-ROW(Auction!$C$5)+1),1)),"")}
B5: 2 | C5: {=IFERROR(INDEX(Auction!$A$5:$A$1000,SMALL(IF(Auction!$C$5:$C$1000=$B$2,ROW(Auction!$C$5:$C$1000)-ROW(Auction!$C$5)+1),2)),"")} | D5: {=IFERROR(INDEX(Auction!$B$5:$B$1000,SMALL(IF(Auction!$C$5:$C$1000=$B$2,ROW(Auction!$C$5:$C$1000)-ROW(Auction!$C$5)+1),2)),"")} | F5: 2 | G5: {=IFERROR(INDEX(Auction!$A$5:$A$1000,SMALL(IF(Auction!$C$5:$C$1000=$F$2,ROW(Auction!$C$5:$C$1000)-ROW(Auction!$C$5)+1),2)),"")} | H5: {=IFERROR(INDEX(Auction!$B$5:$B$1000,SMALL(IF(Auction!$C$5:$C$1000=$F$2,ROW(Auction!$C$5:$C$1000)-ROW(Auction!$C$5)+1),2)),"")} | J5: 2 | K5: {=IFERROR(INDEX(Auction!$A$5:$A$1000,SMALL(IF(Auction!$C$5:$C$1000=$J$2,ROW(Auction!$C$5:$C$1000)-ROW(Auction!$C$5)+1),2)),"")} | L5: {=IFERROR(INDEX(Auction!$B$5:$B$1000,SMALL(IF(Auction!$C$5:$C$1000=$J$2,ROW(Auction!$C$5:$C$1000)-ROW(Auction!$C$5)+1),2)),"")} | N5: 2 | O5: {=IFERROR(INDEX(Auction!$A$5:$A$1000,SMALL(IF(Auction!$C$5:$C$1000=$N$2,ROW(Auction!$C$5:$C$1000)-ROW(Auction!$C$5)+1),2)),"")} | P5: {=IFERROR(INDEX(Auction!$B$5:$B$1000,SMALL(IF(Auction!$C$5:$C$1000=$N$2,ROW(Auction!$C$5:$C$1000)-ROW(Auction!$C$5)+1),2)),"")} | R5: 2 | S5: {=IFERROR(INDEX(Auction!$A$5:$A$1000,SMALL(IF(Auction!$C$5:$C$1000=$R$2,ROW(Auction!$C$5:$C$1000)-ROW(Auction!$C$5)+1),2)),"")} | T5: {=IFERROR(INDEX(Auction!$B$5:$B$1000,SMALL(IF(Auction!$C$5:$C$1000=$R$2,ROW(Auction!$C$5:$C$1000)-ROW(Auction!$C$5)+1),2)),"")}
B6: 3 | C6: {=IFERROR(INDEX(Auction!$A$5:$A$1000,SMALL(IF(Auction!$C$5:$C$1000=$B$2,ROW(Auction!$C$5:$C$1000)-ROW(Auction!$C$5)+1),3)),"")} | D6: {=IFERROR(INDEX(Auction!$B$5:$B$1000,SMALL(IF(Auction!$C$5:$C$1000=$B$2,ROW(Auction!$C$5:$C$1000)-ROW(Auction!$C$5)+1),3)),"")} | F6: 3 | G6: {=IFERROR(INDEX(Auction!$A$5:$A$1000,SMALL(IF(Auction!$C$5:$C$1000=$F$2,ROW(Auction!$C$5:$C$1000)-ROW(Auction!$C$5)+1),3)),"")} | H6: {=IFERROR(INDEX(Auction!$B$5:$B$1000,SMALL(IF(Auction!$C$5:$C$1000=$F$2,ROW(Auction!$C$5:$C$1000)-ROW(Auction!$C$5)+1),3)),"")} | J6: 3 | K6: {=IFERROR(INDEX(Auction!$A$5:$A$1000,SMALL(IF(Auction!$C$5:$C$1000=$J$2,ROW(Auction!$C$5:$C$1000)-ROW(Auction!$C$5)+1),3)),"")} | L6: {=IFERROR(INDEX(Auction!$B$5:$B$1000,SMALL(IF(Auction!$C$5:$C$1000=$J$2,ROW(Auction!$C$5:$C$1000)-ROW(Auction!$C$5)+1),3)),"")} | N6: 3 | O6: {=IFERROR(INDEX(Auction!$A$5:$A$1000,SMALL(IF(Auction!$C$5:$C$1000=$N$2,ROW(Auction!$C$5:$C$1000)-ROW(Auction!$C$5)+1),3)),"")} | P6: {=IFERROR(INDEX(Auction!$B$5:$B$1000,SMALL(IF(Auction!$C$5:$C$1000=$N$2,ROW(Auction!$C$5:$C$1000)-ROW(Auction!$C$5)+1),3)),"")} | R6: 3 | S6: {=IFERROR(INDEX(Auction!$A$5:$A$1000,SMALL(IF(Auction!$C$5:$C$1000=$R$2,ROW(Auction!$C$5:$C$1000)-ROW(Auction!$C$5)+1),3)),"")} | T6: {=IFERROR(INDEX(Auction!$B$5:$B$1000,SMALL(IF(Auction!$C$5:$C$1000=$R$2,ROW(Auction!$C$5:$C$1000)-ROW(Auction!$C$5)+1),3)),"")}
B7: 4 | C7: {=IFERROR(INDEX(Auction!$A$5:$A$1000,SMALL(IF(Auction!$C$5:$C$1000=$B$2,ROW(Auction!$C$5:$C$1000)-ROW(Auction!$C$5)+1),4)),"")} | D7: {=IFERROR(INDEX(Auction!$B$5:$B$1000,SMALL(IF(Auction!$C$5:$C$1000=$B$2,ROW(Auction!$C$5:$C$1000)-ROW(Auction!$C$5)+1),4)),"")} | F7: 4 | G7: {=IFERROR(INDEX(Auction!$A$5:$A$1000,SMALL(IF(Auction!$C$5:$C$1000=$F$2,ROW(Auction!$C$5:$C$1000)-ROW(Auction!$C$5)+1),4)),"")} | H7: {=IFERROR(INDEX(Auction!$B$5:$B$1000,SMALL(IF(Auction!$C$5:$C$1000=$F$2,ROW(Auction!$C$5:$C$1000)-ROW(Auction!$C$5)+1),4)),"")} | J7: 4 | K7: {=IFERROR(INDEX(Auction!$A$5:$A$1000,SMALL(IF(Auction!$C$5:$C$1000=$J$2,ROW(Auction!$C$5:$C$1000)-ROW(Auction!$C$5)+1),4)),"")} | L7: {=IFERROR(INDEX(Auction!$B$5:$B$1000,SMALL(IF(Auction!$C$5:$C$1000=$J$2,ROW(Auction!$C$5:$C$1000)-ROW(Auction!$C$5)+1),4)),"")} | N7: 4 | O7: {=IFERROR(INDEX(Auction!$A$5:$A$1000,SMALL(IF(Auction!$C$5:$C$1000=$N$2,ROW(Auction!$C$5:$C$1000)-ROW(Auction!$C$5)+1),4)),"")} | P7: {=IFERROR(INDEX(Auction!$B$5:$B$1000,SMALL(IF(Auction!$C$5:$C$1000=$N$2,ROW(Auction!$C$5:$C$1000)-ROW(Auction!$C$5)+1),4)),"")} | R7: 4 | S7: {=IFERROR(INDEX(Auction!$A$5:$A$1000,SMALL(IF(Auction!$C$5:$C$1000=$R$2,ROW(Auction!$C$5:$C$1000)-ROW(Auction!$C$5)+1),4)),"")} | T7: {=IFERROR(INDEX(Auction!$B$5:$B$1000,SMALL(IF(Auction!$C$5:$C$1000=$R$2,ROW(Auction!$C$5:$C$1000)-ROW(Auction!$C$5)+1),4)),"")}
B8: 5 | C8: {=IFERROR(INDEX(Auction!$A$5:$A$1000,SMALL(IF(Auction!$C$5:$C$1000=$B$2,ROW(Auction!$C$5:$C$1000)-ROW(Auction!$C$5)+1),5)),"")} | D8: {=IFERROR(INDEX(Auction!$B$5:$B$1000,SMALL(IF(Auction!$C$5:$C$1000=$B$2,ROW(Auction!$C$5:$C$1000)-ROW(Auction!$C$5)+1),5)),"")} | F8: 5 | G8: {=IFERROR(INDEX(Auction!$A$5:$A$1000,SMALL(IF(Auction!$C$5:$C$1000=$F$2,ROW(Auction!$C$5:$C$1000)-ROW(Auction!$C$5)+1),5)),"")} | H8: {=IFERROR(INDEX(Auction!$B$5:$B$1000,SMALL(IF(Auction!$C$5:$C$1000=$F$2,ROW(Auction!$C$5:$C$1000)-ROW(Auction!$C$5)+1),5)),"")} | J8: 5 | K8: {=IFERROR(INDEX(Auction!$A$5:$A$1000,SMALL(IF(Auction!$C$5:$C$1000=$J$2,ROW(Auction!$C$5:$C$1000)-ROW(Auction!$C$5)+1),5)),"")} | L8: {=IFERROR(INDEX(Auction!$B$5:$B$1000,SMALL(IF(Auction!$C$5:$C$1000=$J$2,ROW(Auction!$C$5:$C$1000)-ROW(Auction!$C$5)+1),5)),"")} | N8: 5 | O8: {=IFERROR(INDEX(Auction!$A$5:$A$1000,SMALL(IF(Auction!$C$5:$C$1000=$N$2,ROW(Auction!$C$5:$C$1000)-ROW(Auction!$C$5)+1),5)),"")} | P8: {=IFERROR(INDEX(Auction!$B$5:$B$1000,SMALL(IF(Auction!$C$5:$C$1000=$N$2,ROW(Auction!$C$5:$C$1000)-ROW(Auction!$C$5)+1),5)),"")} | R8: 5 | S8: {=IFERROR(INDEX(Auction!$A$5:$A$1000,SMALL(IF(Auction!$C$5:$C$1000=$R$2,ROW(Auction!$C$5:$C$1000)-ROW(Auction!$C$5)+1),5)),"")} | T8: {=IFERROR(INDEX(Auction!$B$5:$B$1000,SMALL(IF(Auction!$C$5:$C$1000=$R$2,ROW(Auction!$C$5:$C$1000)-ROW(Auction!$C$5)+1),5)),"")}
B9: 6 | C9: {=IFERROR(INDEX(Auction!$A$5:$A$1000,SMALL(IF(Auction!$C$5:$C$1000=$B$2,ROW(Auction!$C$5:$C$1000)-ROW(Auction!$C$5)+1),6)),"")} | D9: {=IFERROR(INDEX(Auction!$B$5:$B$1000,SMALL(IF(Auction!$C$5:$C$1000=$B$2,ROW(Auction!$C$5:$C$1000)-ROW(Auction!$C$5)+1),6)),"")} | F9: 6 | G9: {=IFERROR(INDEX(Auction!$A$5:$A$1000,SMALL(IF(Auction!$C$5:$C$1000=$F$2,ROW(Auction!$C$5:$C$1000)-ROW(Auction!$C$5)+1),6)),"")} | H9: {=IFERROR(INDEX(Auction!$B$5:$B$1000,SMALL(IF(Auction!$C$5:$C$1000=$F$2,ROW(Auction!$C$5:$C$1000)-ROW(Auction!$C$5)+1),6)),"")} | J9: 6 | K9: {=IFERROR(INDEX(Auction!$A$5:$A$1000,SMALL(IF(Auction!$C$5:$C$1000=$J$2,ROW(Auction!$C$5:$C$1000)-ROW(Auction!$C$5)+1),6)),"")} | L9: {=IFERROR(INDEX(Auction!$B$5:$B$1000,SMALL(IF(Auction!$C$5:$C$1000=$J$2,ROW(Auction!$C$5:$C$1000)-ROW(Auction!$C$5)+1),6)),"")} | N9: 6 | O9: {=IFERROR(INDEX(Auction!$A$5:$A$1000,SMALL(IF(Auction!$C$5:$C$1000=$N$2,ROW(Auction!$C$5:$C$1000)-ROW(Auction!$C$5)+1),6)),"")} | P9: {=IFERROR(INDEX(Auction!$B$5:$B$1000,SMALL(IF(Auction!$C$5:$C$1000=$N$2,ROW(Auction!$C$5:$C$1000)-ROW(Auction!$C$5)+1),6)),"")} | R9: 6 | S9: {=IFERROR(INDEX(Auction!$A$5:$A$1000,SMALL(IF(Auction!$C$5:$C$1000=$R$2,ROW(Auction!$C$5:$C$1000)-ROW(Auction!$C$5)+1),6)),"")} | T9: {=IFERROR(INDEX(Auction!$B$5:$B$1000,SMALL(IF(Auction!$C$5:$C$1000=$R$2,ROW(Auction!$C$5:$C$1000)-ROW(Auction!$C$5)+1),6)),"")}
B10: 7 | C10: {=IFERROR(INDEX(Auction!$A$5:$A$1000,SMALL(IF(Auction!$C$5:$C$1000=$B$2,ROW(Auction!$C$5:$C$1000)-ROW(Auction!$C$5)+1),7)),"")} | D10: {=IFERROR(INDEX(Auction!$B$5:$B$1000,SMALL(IF(Auction!$C$5:$C$1000=$B$2,ROW(Auction!$C$5:$C$1000)-ROW(Auction!$C$5)+1),7)),"")} | F10: 7 | G10: {=IFERROR(INDEX(Auction!$A$5:$A$1000,SMALL(IF(Auction!$C$5:$C$1000=$F$2,ROW(Auction!$C$5:$C$1000)-ROW(Auction!$C$5)+1),7)),"")} | H10: {=IFERROR(INDEX(Auction!$B$5:$B$1000,SMALL(IF(Auction!$C$5:$C$1000=$F$2,ROW(Auction!$C$5:$C$1000)-ROW(Auction!$C$5)+1),7)),"")} | J10: 7 | K10: {=IFERROR(INDEX(Auction!$A$5:$A$1000,SMALL(IF(Auction!$C$5:$C$1000=$J$2,ROW(Auction!$C$5:$C$1000)-ROW(Auction!$C$5)+1),7)),"")} | L10: {=IFERROR(INDEX(Auction!$B$5:$B$1000,SMALL(IF(Auction!$C$5:$C$1000=$J$2,ROW(Auction!$C$5:$C$1000)-ROW(Auction!$C$5)+1),7)),"")} | N10: 7 | O10: {=IFERROR(INDEX(Auction!$A$5:$A$1000,SMALL(IF(Auction!$C$5:$C$1000=$N$2,ROW(Auction!$C$5:$C$1000)-ROW(Auction!$C$5)+1),7)),"")} | P10: {=IFERROR(INDEX(Auction!$B$5:$B$1000,SMALL(IF(Auction!$C$5:$C$1000=$N$2,ROW(Auction!$C$5:$C$1000)-ROW(Auction!$C$5)+1),7)),"")} | R10: 7 | S10: {=IFERROR(INDEX(Auction!$A$5:$A$1000,SMALL(IF(Auction!$C$5:$C$1000=$R$2,ROW(Auction!$C$5:$C$1000)-ROW(Auction!$C$5)+1),7)),"")} | T10: {=IFERROR(INDEX(Auction!$B$5:$B$1000,SMALL(IF(Auction!$C$5:$C$1000=$R$2,ROW(Auction!$C$5:$C$1000)-ROW(Auction!$C$5)+1),7)),"")}
B11: 8 | C11: {=IFERROR(INDEX(Auction!$A$5:$A$1000,SMALL(IF(Auction!$C$5:$C$1000=$B$2,ROW(Auction!$C$5:$C$1000)-ROW(Auction!$C$5)+1),8)),"")} | D11: {=IFERROR(INDEX(Auction!$B$5:$B$1000,SMALL(IF(Auction!$C$5:$C$1000=$B$2,ROW(Auction!$C$5:$C$1000)-ROW(Auction!$C$5)+1),8)),"")} | F11: 8 | G11: {=IFERROR(INDEX(Auction!$A$5:$A$1000,SMALL(IF(Auction!$C$5:$C$1000=$F$2,ROW(Auction!$C$5:$C$1000)-ROW(Auction!$C$5)+1),8)),"")} | H11: {=IFERROR(INDEX(Auction!$B$5:$B$1000,SMALL(IF(Auction!$C$5:$C$1000=$F$2,ROW(Auction!$C$5:$C$1000)-ROW(Auction!$C$5)+1),8)),"")} | J11: 8 | K11: {=IFERROR(INDEX(Auction!$A$5:$A$1000,SMALL(IF(Auction!$C$5:$C$1000=$J$2,ROW(Auction!$C$5:$C$1000)-ROW(Auction!$C$5)+1),8)),"")} | L11: {=IFERROR(INDEX(Auction!$B$5:$B$1000,SMALL(IF(Auction!$C$5:$C$1000=$J$2,ROW(Auction!$C$5:$C$1000)-ROW(Auction!$C$5)+1),8)),"")} | N11: 8 | O11: {=IFERROR(INDEX(Auction!$A$5:$A$1000,SMALL(IF(Auction!$C$5:$C$1000=$N$2,ROW(Auction!$C$5:$C$1000)-ROW(Auction!$C$5)+1),8)),"")} | P11: {=IFERROR(INDEX(Auction!$B$5:$B$1000,SMALL(IF(Auction!$C$5:$C$1000=$N$2,ROW(Auction!$C$5:$C$1000)-ROW(Auction!$C$5)+1),8)),"")} | R11: 8 | S11: {=IFERROR(INDEX(Auction!$A$5:$A$1000,SMALL(IF(Auction!$C$5:$C$1000=$R$2,ROW(Auction!$C$5:$C$1000)-ROW(Auction!$C$5)+1),8)),"")} | T11: {=IFERROR(INDEX(Auction!$B$5:$B$1000,SMALL(IF(Auction!$C$5:$C$1000=$R$2,ROW(Auction!$C$5:$C$1000)-ROW(Auction!$C$5)+1),8)),"")}
B12: 9 | C12: {=IFERROR(INDEX(Auction!$A$5:$A$1000,SMALL(IF(Auction!$C$5:$C$1000=$B$2,ROW(Auction!$C$5:$C$1000)-ROW(Auction!$C$5)+1),9)),"")} | D12: {=IFERROR(INDEX(Auction!$B$5:$B$1000,SMALL(IF(Auction!$C$5:$C$1000=$B$2,ROW(Auction!$C$5:$C$1000)-ROW(Auction!$C$5)+1),9)),"")} | F12: 9 | G12: {=IFERROR(INDEX(Auction!$A$5:$A$1000,SMALL(IF(Auction!$C$5:$C$1000=$F$2,ROW(Auction!$C$5:$C$1000)-ROW(Auction!$C$5)+1),9)),"")} | H12: {=IFERROR(INDEX(Auction!$B$5:$B$1000,SMALL(IF(Auction!$C$5:$C$1000=$F$2,ROW(Auction!$C$5:$C$1000)-ROW(Auction!$C$5)+1),9)),"")} | J12: 9 | K12: {=IFERROR(INDEX(Auction!$A$5:$A$1000,SMALL(IF(Auction!$C$5:$C$1000=$J$2,ROW(Auction!$C$5:$C$1000)-ROW(Auction!$C$5)+1),9)),"")} | L12: {=IFERROR(INDEX(Auction!$B$5:$B$1000,SMALL(IF(Auction!$C$5:$C$1000=$J$2,ROW(Auction!$C$5:$C$1000)-ROW(Auction!$C$5)+1),9)),"")} | N12: 9 | O12: {=IFERROR(INDEX(Auction!$A$5:$A$1000,SMALL(IF(Auction!$C$5:$C$1000=$N$2,ROW(Auction!$C$5:$C$1000)-ROW(Auction!$C$5)+1),9)),"")} | P12: {=IFERROR(INDEX(Auction!$B$5:$B$1000,SMALL(IF(Auction!$C$5:$C$1000=$N$2,ROW(Auction!$C$5:$C$1000)-ROW(Auction!$C$5)+1),9)),"")} | R12: 9 | S12: {=IFERROR(INDEX(Auction!$A$5:$A$1000,SMALL(IF(Auction!$C$5:$C$1000=$R$2,ROW(Auction!$C$5:$C$1000)-ROW(Auction!$C$5)+1),9)),"")} | T12: {=IFERROR(INDEX(Auction!$B$5:$B$1000,SMALL(IF(Auction!$C$5:$C$1000=$R$2,ROW(Auction!$C$5:$C$1000)-ROW(Auction!$C$5)+1),9)),"")}
B13: 10 | C13: {=IFERROR(INDEX(Auction!$A$5:$A$1000,SMALL(IF(Auction!$C$5:$C$1000=$B$2,ROW(Auction!$C$5:$C$1000)-ROW(Auction!$C$5)+1),10)),"")} | D13: {=IFERROR(INDEX(Auction!$B$5:$B$1000,SMALL(IF(Auction!$C$5:$C$1000=$B$2,ROW(Auction!$C$5:$C$1000)-ROW(Auction!$C$5)+1),10)),"")} | F13: 10 | G13: {=IFERROR(INDEX(Auction!$A$5:$A$1000,SMALL(IF(Auction!$C$5:$C$1000=$F$2,ROW(Auction!$C$5:$C$1000)-ROW(Auction!$C$5)+1),10)),"")} | H13: {=IFERROR(INDEX(Auction!$B$5:$B$1000,SMALL(IF(Auction!$C$5:$C$1000=$F$2,ROW(Auction!$C$5:$C$1000)-ROW(Auction!$C$5)+1),10)),"")} | J13: 10 | K13: {=IFERROR(INDEX(Auction!$A$5:$A$1000,SMALL(IF(Auction!$C$5:$C$1000=$J$2,ROW(Auction!$C$5:$C$1000)-ROW(Auction!$C$5)+1),10)),"")} | L13: {=IFERROR(INDEX(Auction!$B$5:$B$1000,SMALL(IF(Auction!$C$5:$C$1000=$J$2,ROW(Auction!$C$5:$C$1000)-ROW(Auction!$C$5)+1),10)),"")} | N13: 10 | O13: {=IFERROR(INDEX(Auction!$A$5:$A$1000,SMALL(IF(Auction!$C$5:$C$1000=$N$2,ROW(Auction!$C$5:$C$1000)-ROW(Auction!$C$5)+1),10)),"")} | P13: {=IFERROR(INDEX(Auction!$B$5:$B$1000,SMALL(IF(Auction!$C$5:$C$1000=$N$2,ROW(Auction!$C$5:$C$1000)-ROW(Auction!$C$5)+1),10)),"")} | R13: 10 | S13: {=IFERROR(INDEX(Auction!$A$5:$A$1000,SMALL(IF(Auction!$C$5:$C$1000=$R$2,ROW(Auction!$C$5:$C$1000)-ROW(Auction!$C$5)+1),10)),"")} | T13: {=IFERROR(INDEX(Auction!$B$5:$B$1000,SMALL(IF(Auction!$C$5:$C$1000=$R$2,ROW(Auction!$C$5:$C$1000)-ROW(Auction!$C$5)+1),10)),"")}
B14: 11 | C14: {=IFERROR(INDEX(Auction!$A$5:$A$1000,SMALL(IF(Auction!$C$5:$C$1000=$B$2,ROW(Auction!$C$5:$C$1000)-ROW(Auction!$C$5)+1),11)),"")} | D14: {=IFERROR(INDEX(Auction!$B$5:$B$1000,SMALL(IF(Auction!$C$5:$C$1000=$B$2,ROW(Auction!$C$5:$C$1000)-ROW(Auction!$C$5)+1),11)),"")} | F14: 11 | G14: {=IFERROR(INDEX(Auction!$A$5:$A$1000,SMALL(IF(Auction!$C$5:$C$1000=$F$2,ROW(Auction!$C$5:$C$1000)-ROW(Auction!$C$5)+1),11)),"")} | H14: {=IFERROR(INDEX(Auction!$B$5:$B$1000,SMALL(IF(Auction!$C$5:$C$1000=$F$2,ROW(Auction!$C$5:$C$1000)-ROW(Auction!$C$5)+1),11)),"")} | J14: 11 | K14: {=IFERROR(INDEX(Auction!$A$5:$A$1000,SMALL(IF(Auction!$C$5:$C$1000=$J$2,ROW(Auction!$C$5:$C$1000)-ROW(Auction!$C$5)+1),11)),"")} | L14: {=IFERROR(INDEX(Auction!$B$5:$B$1000,SMALL(IF(Auction!$C$5:$C$1000=$J$2,ROW(Auction!$C$5:$C$1000)-ROW(Auction!$C$5)+1),11)),"")} | N14: 11 | O14: {=IFERROR(INDEX(Auction!$A$5:$A$1000,SMALL(IF(Auction!$C$5:$C$1000=$N$2,ROW(Auction!$C$5:$C$1000)-ROW(Auction!$C$5)+1),11)),"")} | P14: {=IFERROR(INDEX(Auction!$B$5:$B$1000,SMALL(IF(Auction!$C$5:$C$1000=$N$2,ROW(Auction!$C$5:$C$1000)-ROW(Auction!$C$5)+1),11)),"")} | R14: 11 | S14: {=IFERROR(INDEX(Auction!$A$5:$A$1000,SMALL(IF(Auction!$C$5:$C$1000=$R$2,ROW(Auction!$C$5:$C$1000)-ROW(Auction!$C$5)+1),11)),"")} | T14: {=IFERROR(INDEX(Auction!$B$5:$B$1000,SMALL(IF(Auction!$C$5:$C$1000=$R$2,ROW(Auction!$C$5:$C$1000)-ROW(Auction!$C$5)+1),11)),"")}
B15: 12 | C15: {=IFERROR(INDEX(Auction!$A$5:$A$1000,SMALL(IF(Auction!$C$5:$C$1000=$B$2,ROW(Auction!$C$5:$C$1000)-ROW(Auction!$C$5)+1),12)),"")} | D15: {=IFERROR(INDEX(Auction!$B$5:$B$1000,SMALL(IF(Auction!$C$5:$C$1000=$B$2,ROW(Auction!$C$5:$C$1000)-ROW(Auction!$C$5)+1),12)),"")} | F15: 12 | G15: {=IFERROR(INDEX(Auction!$A$5:$A$1000,SMALL(IF(Auction!$C$5:$C$1000=$F$2,ROW(Auction!$C$5:$C$1000)-ROW(Auction!$C$5)+1),12)),"")} | H15: {=IFERROR(INDEX(Auction!$B$5:$B$1000,SMALL(IF(Auction!$C$5:$C$1000=$F$2,ROW(Auction!$C$5:$C$1000)-ROW(Auction!$C$5)+1),12)),"")} | J15: 12 | K15: {=IFERROR(INDEX(Auction!$A$5:$A$1000,SMALL(IF(Auction!$C$5:$C$1000=$J$2,ROW(Auction!$C$5:$C$1000)-ROW(Auction!$C$5)+1),12)),"")} | L15: {=IFERROR(INDEX(Auction!$B$5:$B$1000,SMALL(IF(Auction!$C$5:$C$1000=$J$2,ROW(Auction!$C$5:$C$1000)-ROW(Auction!$C$5)+1),12)),"")} | N15: 12 | O15: {=IFERROR(INDEX(Auction!$A$5:$A$1000,SMALL(IF(Auction!$C$5:$C$1000=$N$2,ROW(Auction!$C$5:$C$1000)-ROW(Auction!$C$5)+1),12)),"")} | P15: {=IFERROR(INDEX(Auction!$B$5:$B$1000,SMALL(IF(Auction!$C$5:$C$1000=$N$2,ROW(Auction!$C$5:$C$1000)-ROW(Auction!$C$5)+1),12)),"")} | R15: 12 | S15: {=IFERROR(INDEX(Auction!$A$5:$A$1000,SMALL(IF(Auction!$C$5:$C$1000=$R$2,ROW(Auction!$C$5:$C$1000)-ROW(Auction!$C$5)+1),12)),"")} | T15: {=IFERROR(INDEX(Auction!$B$5:$B$1000,SMALL(IF(Auction!$C$5:$C$1000=$R$2,ROW(Auction!$C$5:$C$1000)-ROW(Auction!$C$5)+1),12)),"")}
B16: 13 | C16: {=IFERROR(INDEX(Auction!$A$5:$A$1000,SMALL(IF(Auction!$C$5:$C$1000=$B$2,ROW(Auction!$C$5:$C$1000)-ROW(Auction!$C$5)+1),13)),"")} | D16: {=IFERROR(INDEX(Auction!$B$5:$B$1000,SMALL(IF(Auction!$C$5:$C$1000=$B$2,ROW(Auction!$C$5:$C$1000)-ROW(Auction!$C$5)+1),13)),"")} | F16: 13 | G16: {=IFERROR(INDEX(Auction!$A$5:$A$1000,SMALL(IF(Auction!$C$5:$C$1000=$F$2,ROW(Auction!$C$5:$C$1000)-ROW(Auction!$C$5)+1),13)),"")} | H16: {=IFERROR(INDEX(Auction!$B$5:$B$1000,SMALL(IF(Auction!$C$5:$C$1000=$F$2,ROW(Auction!$C$5:$C$1000)-ROW(Auction!$C$5)+1),13)),"")} | J16: 13 | K16: {=IFERROR(INDEX(Auction!$A$5:$A$1000,SMALL(IF(Auction!$C$5:$C$1000=$J$2,ROW(Auction!$C$5:$C$1000)-ROW(Auction!$C$5)+1),13)),"")} | L16: {=IFERROR(INDEX(Auction!$B$5:$B$1000,SMALL(IF(Auction!$C$5:$C$1000=$J$2,ROW(Auction!$C$5:$C$1000)-ROW(Auction!$C$5)+1),13)),"")} | N16: 13 | O16: {=IFERROR(INDEX(Auction!$A$5:$A$1000,SMALL(IF(Auction!$C$5:$C$1000=$N$2,ROW(Auction!$C$5:$C$1000)-ROW(Auction!$C$5)+1),13)),"")} | P16: {=IFERROR(INDEX(Auction!$B$5:$B$1000,SMALL(IF(Auction!$C$5:$C$1000=$N$2,ROW(Auction!$C$5:$C$1000)-ROW(Auction!$C$5)+1),13)),"")} | R16: 13 | S16: {=IFERROR(INDEX(Auction!$A$5:$A$1000,SMALL(IF(Auction!$C$5:$C$1000=$R$2,ROW(Auction!$C$5:$C$1000)-ROW(Auction!$C$5)+1),13)),"")} | T16: {=IFERROR(INDEX(Auction!$B$5:$B$1000,SMALL(IF(Auction!$C$5:$C$1000=$R$2,ROW(Auction!$C$5:$C$1000)-ROW(Auction!$C$5)+1),13)),"")}
B17: 14 | C17: {=IFERROR(INDEX(Auction!$A$5:$A$1000,SMALL(IF(Auction!$C$5:$C$1000=$B$2,ROW(Auction!$C$5:$C$1000)-ROW(Auction!$C$5)+1),14)),"")} | D17: {=IFERROR(INDEX(Auction!$B$5:$B$1000,SMALL(IF(Auction!$C$5:$C$1000=$B$2,ROW(Auction!$C$5:$C$1000)-ROW(Auction!$C$5)+1),14)),"")} | F17: 14 | G17: {=IFERROR(INDEX(Auction!$A$5:$A$1000,SMALL(IF(Auction!$C$5:$C$1000=$F$2,ROW(Auction!$C$5:$C$1000)-ROW(Auction!$C$5)+1),14)),"")} | H17: {=IFERROR(INDEX(Auction!$B$5:$B$1000,SMALL(IF(Auction!$C$5:$C$1000=$F$2,ROW(Auction!$C$5:$C$1000)-ROW(Auction!$C$5)+1),14)),"")} | J17: 14 | K17: {=IFERROR(INDEX(Auction!$A$5:$A$1000,SMALL(IF(Auction!$C$5:$C$1000=$J$2,ROW(Auction!$C$5:$C$1000)-ROW(Auction!$C$5)+1),14)),"")} | L17: {=IFERROR(INDEX(Auction!$B$5:$B$1000,SMALL(IF(Auction!$C$5:$C$1000=$J$2,ROW(Auction!$C$5:$C$1000)-ROW(Auction!$C$5)+1),14)),"")} | N17: 14 | O17: {=IFERROR(INDEX(Auction!$A$5:$A$1000,SMALL(IF(Auction!$C$5:$C$1000=$N$2,ROW(Auction!$C$5:$C$1000)-ROW(Auction!$C$5)+1),14)),"")} | P17: {=IFERROR(INDEX(Auction!$B$5:$B$1000,SMALL(IF(Auction!$C$5:$C$1000=$N$2,ROW(Auction!$C$5:$C$1000)-ROW(Auction!$C$5)+1),14)),"")} | R17: 14 | S17: {=IFERROR(INDEX(Auction!$A$5:$A$1000,SMALL(IF(Auction!$C$5:$C$1000=$R$2,ROW(Auction!$C$5:$C$1000)-ROW(Auction!$C$5)+1),14)),"")} | T17: {=IFERROR(INDEX(Auction!$B$5:$B$1000,SMALL(IF(Auction!$C$5:$C$1000=$R$2,ROW(Auction!$C$5:$C$1000)-ROW(Auction!$C$5)+1),14)),"")}
B18: 15 | C18: {=IFERROR(INDEX(Auction!$A$5:$A$1000,SMALL(IF(Auction!$C$5:$C$1000=$B$2,ROW(Auction!$C$5:$C$1000)-ROW(Auction!$C$5)+1),15)),"")} | D18: {=IFERROR(INDEX(Auction!$B$5:$B$1000,SMALL(IF(Auction!$C$5:$C$1000=$B$2,ROW(Auction!$C$5:$C$1000)-ROW(Auction!$C$5)+1),15)),"")} | F18: 15 | G18: {=IFERROR(INDEX(Auction!$A$5:$A$1000,SMALL(IF(Auction!$C$5:$C$1000=$F$2,ROW(Auction!$C$5:$C$1000)-ROW(Auction!$C$5)+1),15)),"")} | H18: {=IFERROR(INDEX(Auction!$B$5:$B$1000,SMALL(IF(Auction!$C$5:$C$1000=$F$2,ROW(Auction!$C$5:$C$1000)-ROW(Auction!$C$5)+1),15)),"")} | J18: 15 | K18: {=IFERROR(INDEX(Auction!$A$5:$A$1000,SMALL(IF(Auction!$C$5:$C$1000=$J$2,ROW(Auction!$C$5:$C$1000)-ROW(Auction!$C$5)+1),15)),"")} | L18: {=IFERROR(INDEX(Auction!$B$5:$B$1000,SMALL(IF(Auction!$C$5:$C$1000=$J$2,ROW(Auction!$C$5:$C$1000)-ROW(Auction!$C$5)+1),15)),"")} | N18: 15 | O18: {=IFERROR(INDEX(Auction!$A$5:$A$1000,SMALL(IF(Auction!$C$5:$C$1000=$N$2,ROW(Auction!$C$5:$C$1000)-ROW(Auction!$C$5)+1),15)),"")} | P18: {=IFERROR(INDEX(Auction!$B$5:$B$1000,SMALL(IF(Auction!$C$5:$C$1000=$N$2,ROW(Auction!$C$5:$C$1000)-ROW(Auction!$C$5)+1),15)),"")} | R18: 15 | S18: {=IFERROR(INDEX(Auction!$A$5:$A$1000,SMALL(IF(Auction!$C$5:$C$1000=$R$2,ROW(Auction!$C$5:$C$1000)-ROW(Auction!$C$5)+1),15)),"")} | T18: {=IFERROR(INDEX(Auction!$B$5:$B$1000,SMALL(IF(Auction!$C$5:$C$1000=$R$2,ROW(Auction!$C$5:$C$1000)-ROW(Auction!$C$5)+1),15)),"")}
B19: Total Amount Spent | D19: =Balance!$C$4 | F19: Total Amount Spent | H19: =Balance!$C$5 | J19: Total Amount Spent | L19: =Balance!$C$6 | N19: Total Amount Spent | P19: =Balance!$C$7 | R19: Total Amount Spent | T19: =Balance!$C$8
B20: Total Amount Left | D20: =Balance!$D$4 | F20: Total Amount Left | H20: =Balance!$D$5 | J20: Total Amount Left | L20: =Balance!$D$6 | N20: Total Amount Left | P20: =Balance!$D$7 | R20: Total Amount Left | T20: =Balance!$D$8
B21: Total Amount | D21: =Balance!$B$4 | F21: Total Amount | H21: =Balance!$B$5 | J21: Total Amount | L21: =Balance!$B$6 | N21: Total Amount | P21: =Balance!$B$7 | R21: Total Amount | T21: =Balance!$B$8
B23: =Balance!$A$9 | F23: =Balance!$A$10 | J23: =Balance!$A$11 | N23: =Balance!$A$12 | R23: =Balance!$A$13
B24: S.No | C24: Player Name | D24: Amount | F24: S.No | G24: Player Name | H24: Amount | J24: S.No | K24: Player Name | L24: Amount | N24: S.No | O24: Player Name | P24: Amount | R24: S.No | S24: Player Name | T24: Amount
B25: 1 | C25: {=IFERROR(INDEX(Auction!$A$5:$A$1000,SMALL(IF(Auction!$C$5:$C$1000=$B$23,ROW(Auction!$C$5:$C$1000)-ROW(Auction!$C$5)+1),1)),"")} | D25: {=IFERROR(INDEX(Auction!$B$5:$B$1000,SMALL(IF(Auction!$C$5:$C$1000=$B$23,ROW(Auction!$C$5:$C$1000)-ROW(Auction!$C$5)+1),1)),"")} | F25: 1 | G25: {=IFERROR(INDEX(Auction!$A$5:$A$1000,SMALL(IF(Auction!$C$5:$C$1000=$F$23,ROW(Auction!$C$5:$C$1000)-ROW(Auction!$C$5)+1),1)),"")} | H25: {=IFERROR(INDEX(Auction!$B$5:$B$1000,SMALL(IF(Auction!$C$5:$C$1000=$F$23,ROW(Auction!$C$5:$C$1000)-ROW(Auction!$C$5)+1),1)),"")} | J25: 1 | K25: {=IFERROR(INDEX(Auction!$A$5:$A$1000,SMALL(IF(Auction!$C$5:$C$1000=$J$23,ROW(Auction!$C$5:$C$1000)-ROW(Auction!$C$5)+1),1)),"")} | L25: {=IFERROR(INDEX(Auction!$B$5:$B$1000,SMALL(IF(Auction!$C$5:$C$1000=$J$23,ROW(Auction!$C$5:$C$1000)-ROW(Auction!$C$5)+1),1)),"")} | N25: 1 | O25: {=IFERROR(INDEX(Auction!$A$5:$A$1000,SMALL(IF(Auction!$C$5:$C$1000=$N$23,ROW(Auction!$C$5:$C$1000)-ROW(Auction!$C$5)+1),1)),"")} | P25: {=IFERROR(INDEX(Auction!$B$5:$B$1000,SMALL(IF(Auction!$C$5:$C$1000=$N$23,ROW(Auction!$C$5:$C$1000)-ROW(Auction!$C$5)+1),1)),"")} | R25: 1 | S25: {=IFERROR(INDEX(Auction!$A$5:$A$1000,SMALL(IF(Auction!$C$5:$C$1000=$R$23,ROW(Auction!$C$5:$C$1000)-ROW(Auction!$C$5)+1),1)),"")} | T25: {=IFERROR(INDEX(Auction!$B$5:$B$1000,SMALL(IF(Auction!$C$5:$C$1000=$R$23,ROW(Auction!$C$5:$C$1000)-ROW(Auction!$C$5)+1),1)),"")}
B26: 2 | C26: {=IFERROR(INDEX(Auction!$A$5:$A$1000,SMALL(IF(Auction!$C$5:$C$1000=$B$23,ROW(Auction!$C$5:$C$1000)-ROW(Auction!$C$5)+1),2)),"")} | D26: {=IFERROR(INDEX(Auction!$B$5:$B$1000,SMALL(IF(Auction!$C$5:$C$1000=$B$23,ROW(Auction!$C$5:$C$1000)-ROW(Auction!$C$5)+1),2)),"")} | F26: 2 | G26: {=IFERROR(INDEX(Auction!$A$5:$A$1000,SMALL(IF(Auction!$C$5:$C$1000=$F$23,ROW(Auction!$C$5:$C$1000)-ROW(Auction!$C$5)+1),2)),"")} | H26: {=IFERROR(INDEX(Auction!$B$5:$B$1000,SMALL(IF(Auction!$C$5:$C$1000=$F$23,ROW(Auction!$C$5:$C$1000)-ROW(Auction!$C$5)+1),2)),"")} | J26: 2 | K26: {=IFERROR(INDEX(Auction!$A$5:$A$1000,SMALL(IF(Auction!$C$5:$C$1000=$J$23,ROW(Auction!$C$5:$C$1000)-ROW(Auction!$C$5)+1),2)),"")} | L26: {=IFERROR(INDEX(Auction!$B$5:$B$1000,SMALL(IF(Auction!$C$5:$C$1000=$J$23,ROW(Auction!$C$5:$C$1000)-ROW(Auction!$C$5)+1),2)),"")} | N26: 2 | O26: {=IFERROR(INDEX(Auction!$A$5:$A$1000,SMALL(IF(Auction!$C$5:$C$1000=$N$23,ROW(Auction!$C$5:$C$1000)-ROW(Auction!$C$5)+1),2)),"")} | P26: {=IFERROR(INDEX(Auction!$B$5:$B$1000,SMALL(IF(Auction!$C$5:$C$1000=$N$23,ROW(Auction!$C$5:$C$1000)-ROW(Auction!$C$5)+1),2)),"")} | R26: 2 | S26: {=IFERROR(INDEX(Auction!$A$5:$A$1000,SMALL(IF(Auction!$C$5:$C$1000=$R$23,ROW(Auction!$C$5:$C$1000)-ROW(Auction!$C$5)+1),2)),"")} | T26: {=IFERROR(INDEX(Auction!$B$5:$B$1000,SMALL(IF(Auction!$C$5:$C$1000=$R$23,ROW(Auction!$C$5:$C$1000)-ROW(Auction!$C$5)+1),2)),"")}
B27: 3 | C27: {=IFERROR(INDEX(Auction!$A$5:$A$1000,SMALL(IF(Auction!$C$5:$C$1000=$B$23,ROW(Auction!$C$5:$C$1000)-ROW(Auction!$C$5)+1),3)),"")} | D27: {=IFERROR(INDEX(Auction!$B$5:$B$1000,SMALL(IF(Auction!$C$5:$C$1000=$B$23,ROW(Auction!$C$5:$C$1000)-ROW(Auction!$C$5)+1),3)),"")} | F27: 3 | G27: {=IFERROR(INDEX(Auction!$A$5:$A$1000,SMALL(IF(Auction!$C$5:$C$1000=$F$23,ROW(Auction!$C$5:$C$1000)-ROW(Auction!$C$5)+1),3)),"")} | H27: {=IFERROR(INDEX(Auction!$B$5:$B$1000,SMALL(IF(Auction!$C$5:$C$1000=$F$23,ROW(Auction!$C$5:$C$1000)-ROW(Auction!$C$5)+1),3)),"")} | J27: 3 | K27: {=IFERROR(INDEX(Auction!$A$5:$A$1000,SMALL(IF(Auction!$C$5:$C$1000=$J$23,ROW(Auction!$C$5:$C$1000)-ROW(Auction!$C$5)+1),3)),"")} | L27: {=IFERROR(INDEX(Auction!$B$5:$B$1000,SMALL(IF(Auction!$C$5:$C$1000=$J$23,ROW(Auction!$C$5:$C$1000)-ROW(Auction!$C$5)+1),3)),"")} | N27: 3 | O27: {=IFERROR(INDEX(Auction!$A$5:$A$1000,SMALL(IF(Auction!$C$5:$C$1000=$N$23,ROW(Auction!$C$5:$C$1000)-ROW(Auction!$C$5)+1),3)),"")} | P27: {=IFERROR(INDEX(Auction!$B$5:$B$1000,SMALL(IF(Auction!$C$5:$C$1000=$N$23,ROW(Auction!$C$5:$C$1000)-ROW(Auction!$C$5)+1),3)),"")} | R27: 3 | S27: {=IFERROR(INDEX(Auction!$A$5:$A$1000,SMALL(IF(Auction!$C$5:$C$1000=$R$23,ROW(Auction!$C$5:$C$1000)-ROW(Auction!$C$5)+1),3)),"")} | T27: {=IFERROR(INDEX(Auction!$B$5:$B$1000,SMALL(IF(Auction!$C$5:$C$1000=$R$23,ROW(Auction!$C$5:$C$1000)-ROW(Auction!$C$5)+1),3)),"")}
B28: 4 | C28: {=IFERROR(INDEX(Auction!$A$5:$A$1000,SMALL(IF(Auction!$C$5:$C$1000=$B$23,ROW(Auction!$C$5:$C$1000)-ROW(Auction!$C$5)+1),4)),"")} | D28: {=IFERROR(INDEX(Auction!$B$5:$B$1000,SMALL(IF(Auction!$C$5:$C$1000=$B$23,ROW(Auction!$C$5:$C$1000)-ROW(Auction!$C$5)+1),4)),"")} | F28: 4 | G28: {=IFERROR(INDEX(Auction!$A$5:$A$1000,SMALL(IF(Auction!$C$5:$C$1000=$F$23,ROW(Auction!$C$5:$C$1000)-ROW(Auction!$C$5)+1),4)),"")} | H28: {=IFERROR(INDEX(Auction!$B$5:$B$1000,SMALL(IF(Auction!$C$5:$C$1000=$F$23,ROW(Auction!$C$5:$C$1000)-ROW(Auction!$C$5)+1),4)),"")} | J28: 4 | K28: {=IFERROR(INDEX(Auction!$A$5:$A$1000,SMALL(IF(Auction!$C$5:$C$1000=$J$23,ROW(Auction!$C$5:$C$1000)-ROW(Auction!$C$5)+1),4)),"")} | L28: {=IFERROR(INDEX(Auction!$B$5:$B$1000,SMALL(IF(Auction!$C$5:$C$1000=$J$23,ROW(Auction!$C$5:$C$1000)-ROW(Auction!$C$5)+1),4)),"")} | N28: 4 | O28: {=IFERROR(INDEX(Auction!$A$5:$A$1000,SMALL(IF(Auction!$C$5:$C$1000=$N$23,ROW(Auction!$C$5:$C$1000)-ROW(Auction!$C$5)+1),4)),"")} | P28: {=IFERROR(INDEX(Auction!$B$5:$B$1000,SMALL(IF(Auction!$C$5:$C$1000=$N$23,ROW(Auction!$C$5:$C$1000)-ROW(Auction!$C$5)+1),4)),"")} | R28: 4 | S28: {=IFERROR(INDEX(Auction!$A$5:$A$1000,SMALL(IF(Auction!$C$5:$C$1000=$R$23,ROW(Auction!$C$5:$C$1000)-ROW(Auction!$C$5)+1),4)),"")} | T28: {=IFERROR(INDEX(Auction!$B$5:$B$1000,SMALL(IF(Auction!$C$5:$C$1000=$R$23,ROW(Auction!$C$5:$C$1000)-ROW(Auction!$C$5)+1),4)),"")}
B29: 5 | C29: {=IFERROR(INDEX(Auction!$A$5:$A$1000,SMALL(IF(Auction!$C$5:$C$1000=$B$23,ROW(Auction!$C$5:$C$1000)-ROW(Auction!$C$5)+1),5)),"")} | D29: {=IFERROR(INDEX(Auction!$B$5:$B$1000,SMALL(IF(Auction!$C$5:$C$1000=$B$23,ROW(Auction!$C$5:$C$1000)-ROW(Auction!$C$5)+1),5)),"")} | F29: 5 | G29: {=IFERROR(INDEX(Auction!$A$5:$A$1000,SMALL(IF(Auction!$C$5:$C$1000=$F$23,ROW(Auction!$C$5:$C$1000)-ROW(Auction!$C$5)+1),5)),"")} | H29: {=IFERROR(INDEX(Auction!$B$5:$B$1000,SMALL(IF(Auction!$C$5:$C$1000=$F$23,ROW(Auction!$C$5:$C$1000)-ROW(Auction!$C$5)+1),5)),"")} | J29: 5 | K29: {=IFERROR(INDEX(Auction!$A$5:$A$1000,SMALL(IF(Auction!$C$5:$C$1000=$J$23,ROW(Auction!$C$5:$C$1000)-ROW(Auction!$C$5)+1),5)),"")} | L29: {=IFERROR(INDEX(Auction!$B$5:$B$1000,SMALL(IF(Auction!$C$5:$C$1000=$J$23,ROW(Auction!$C$5:$C$1000)-ROW(Auction!$C$5)+1),5)),"")} | N29: 5 | O29: {=IFERROR(INDEX(Auction!$A$5:$A$1000,SMALL(IF(Auction!$C$5:$C$1000=$N$23,ROW(Auction!$C$5:$C$1000)-ROW(Auction!$C$5)+1),5)),"")} | P29: {=IFERROR(INDEX(Auction!$B$5:$B$1000,SMALL(IF(Auction!$C$5:$C$1000=$N$23,ROW(Auction!$C$5:$C$1000)-ROW(Auction!$C$5)+1),5)),"")} | R29: 5 | S29: {=IFERROR(INDEX(Auction!$A$5:$A$1000,SMALL(IF(Auction!$C$5:$C$1000=$R$23,ROW(Auction!$C$5:$C$1000)-ROW(Auction!$C$5)+1),5)),"")} | T29: {=IFERROR(INDEX(Auction!$B$5:$B$1000,SMALL(IF(Auction!$C$5:$C$1000=$R$23,ROW(Auction!$C$5:$C$1000)-ROW(Auction!$C$5)+1),5)),"")}
B30: 6 | C30: {=IFERROR(INDEX(Auction!$A$5:$A$1000,SMALL(IF(Auction!$C$5:$C$1000=$B$23,ROW(Auction!$C$5:$C$1000)-ROW(Auction!$C$5)+1),6)),"")} | D30: {=IFERROR(INDEX(Auction!$B$5:$B$1000,SMALL(IF(Auction!$C$5:$C$1000=$B$23,ROW(Auction!$C$5:$C$1000)-ROW(Auction!$C$5)+1),6)),"")} | F30: 6 | G30: {=IFERROR(INDEX(Auction!$A$5:$A$1000,SMALL(IF(Auction!$C$5:$C$1000=$F$23,ROW(Auction!$C$5:$C$1000)-ROW(Auction!$C$5)+1),6)),"")} | H30: {=IFERROR(INDEX(Auction!$B$5:$B$1000,SMALL(IF(Auction!$C$5:$C$1000=$F$23,ROW(Auction!$C$5:$C$1000)-ROW(Auction!$C$5)+1),6)),"")} | J30: 6 | K30: {=IFERROR(INDEX(Auction!$A$5:$A$1000,SMALL(IF(Auction!$C$5:$C$1000=$J$23,ROW(Auction!$C$5:$C$1000)-ROW(Auction!$C$5)+1),6)),"")} | L30: {=IFERROR(INDEX(Auction!$B$5:$B$1000,SMALL(IF(Auction!$C$5:$C$1000=$J$23,ROW(Auction!$C$5:$C$1000)-ROW(Auction!$C$5)+1),6)),"")} | N30: 6 | O30: {=IFERROR(INDEX(Auction!$A$5:$A$1000,SMALL(IF(Auction!$C$5:$C$1000=$N$23,ROW(Auction!$C$5:$C$1000)-ROW(Auction!$C$5)+1),6)),"")} | P30: {=IFERROR(INDEX(Auction!$B$5:$B$1000,SMALL(IF(Auction!$C$5:$C$1000=$N$23,ROW(Auction!$C$5:$C$1000)-ROW(Auction!$C$5)+1),6)),"")} | R30: 6 | S30: {=IFERROR(INDEX(Auction!$A$5:$A$1000,SMALL(IF(Auction!$C$5:$C$1000=$R$23,ROW(Auction!$C$5:$C$1000)-ROW(Auction!$C$5)+1),6)),"")} | T30: {=IFERROR(INDEX(Auction!$B$5:$B$1000,SMALL(IF(Auction!$C$5:$C$1000=$R$23,ROW(Auction!$C$5:$C$1000)-ROW(Auction!$C$5)+1),6)),"")}
B31: 7 | C31: {=IFERROR(INDEX(Auction!$A$5:$A$1000,SMALL(IF(Auction!$C$5:$C$1000=$B$23,ROW(Auction!$C$5:$C$1000)-ROW(Auction!$C$5)+1),7)),"")} | D31: {=IFERROR(INDEX(Auction!$B$5:$B$1000,SMALL(IF(Auction!$C$5:$C$1000=$B$23,ROW(Auction!$C$5:$C$1000)-ROW(Auction!$C$5)+1),7)),"")} | F31: 7 | G31: {=IFERROR(INDEX(Auction!$A$5:$A$1000,SMALL(IF(Auction!$C$5:$C$1000=$F$23,ROW(Auction!$C$5:$C$1000)-ROW(Auction!$C$5)+1),7)),"")} | H31: {=IFERROR(INDEX(Auction!$B$5:$B$1000,SMALL(IF(Auction!$C$5:$C$1000=$F$23,ROW(Auction!$C$5:$C$1000)-ROW(Auction!$C$5)+1),7)),"")} | J31: 7 | K31: {=IFERROR(INDEX(Auction!$A$5:$A$1000,SMALL(IF(Auction!$C$5:$C$1000=$J$23,ROW(Auction!$C$5:$C$1000)-ROW(Auction!$C$5)+1),7)),"")} | L31: {=IFERROR(INDEX(Auction!$B$5:$B$1000,SMALL(IF(Auction!$C$5:$C$1000=$J$23,ROW(Auction!$C$5:$C$1000)-ROW(Auction!$C$5)+1),7)),"")} | N31: 7 | O31: {=IFERROR(INDEX(Auction!$A$5:$A$1000,SMALL(IF(Auction!$C$5:$C$1000=$N$23,ROW(Auction!$C$5:$C$1000)-ROW(Auction!$C$5)+1),7)),"")} | P31: {=IFERROR(INDEX(Auction!$B$5:$B$1000,SMALL(IF(Auction!$C$5:$C$1000=$N$23,ROW(Auction!$C$5:$C$1000)-ROW(Auction!$C$5)+1),7)),"")} | R31: 7 | S31: {=IFERROR(INDEX(Auction!$A$5:$A$1000,SMALL(IF(Auction!$C$5:$C$1000=$R$23,ROW(Auction!$C$5:$C$1000)-ROW(Auction!$C$5)+1),7)),"")} | T31: {=IFERROR(INDEX(Auction!$B$5:$B$1000,SMALL(IF(Auction!$C$5:$C$1000=$R$23,ROW(Auction!$C$5:$C$1000)-ROW(Auction!$C$5)+1),7)),"")}
B32: 8 | C32: {=IFERROR(INDEX(Auction!$A$5:$A$1000,SMALL(IF(Auction!$C$5:$C$1000=$B$23,ROW(Auction!$C$5:$C$1000)-ROW(Auction!$C$5)+1),8)),"")} | D32: {=IFERROR(INDEX(Auction!$B$5:$B$1000,SMALL(IF(Auction!$C$5:$C$1000=$B$23,ROW(Auction!$C$5:$C$1000)-ROW(Auction!$C$5)+1),8)),"")} | F32: 8 | G32: {=IFERROR(INDEX(Auction!$A$5:$A$1000,SMALL(IF(Auction!$C$5:$C$1000=$F$23,ROW(Auction!$C$5:$C$1000)-ROW(Auction!$C$5)+1),8)),"")} | H32: {=IFERROR(INDEX(Auction!$B$5:$B$1000,SMALL(IF(Auction!$C$5:$C$1000=$F$23,ROW(Auction!$C$5:$C$1000)-ROW(Auction!$C$5)+1),8)),"")} | J32: 8 | K32: {=IFERROR(INDEX(Auction!$A$5:$A$1000,SMALL(IF(Auction!$C$5:$C$1000=$J$23,ROW(Auction!$C$5:$C$1000)-ROW(Auction!$C$5)+1),8)),"")} | L32: {=IFERROR(INDEX(Auction!$B$5:$B$1000,SMALL(IF(Auction!$C$5:$C$1000=$J$23,ROW(Auction!$C$5:$C$1000)-ROW(Auction!$C$5)+1),8)),"")} | N32: 8 | O32: {=IFERROR(INDEX(Auction!$A$5:$A$1000,SMALL(IF(Auction!$C$5:$C$1000=$N$23,ROW(Auction!$C$5:$C$1000)-ROW(Auction!$C$5)+1),8)),"")} | P32: {=IFERROR(INDEX(Auction!$B$5:$B$1000,SMALL(IF(Auction!$C$5:$C$1000=$N$23,ROW(Auction!$C$5:$C$1000)-ROW(Auction!$C$5)+1),8)),"")} | R32: 8 | S32: {=IFERROR(INDEX(Auction!$A$5:$A$1000,SMALL(IF(Auction!$C$5:$C$1000=$R$23,ROW(Auction!$C$5:$C$1000)-ROW(Auction!$C$5)+1),8)),"")} | T32: {=IFERROR(INDEX(Auction!$B$5:$B$1000,SMALL(IF(Auction!$C$5:$C$1000=$R$23,ROW(Auction!$C$5:$C$1000)-ROW(Auction!$C$5)+1),8)),"")}
B33: 9 | C33: {=IFERROR(INDEX(Auction!$A$5:$A$1000,SMALL(IF(Auction!$C$5:$C$1000=$B$23,ROW(Auction!$C$5:$C$1000)-ROW(Auction!$C$5)+1),9)),"")} | D33: {=IFERROR(INDEX(Auction!$B$5:$B$1000,SMALL(IF(Auction!$C$5:$C$1000=$B$23,ROW(Auction!$C$5:$C$1000)-ROW(Auction!$C$5)+1),9)),"")} | F33: 9 | G33: {=IFERROR(INDEX(Auction!$A$5:$A$1000,SMALL(IF(Auction!$C$5:$C$1000=$F$23,ROW(Auction!$C$5:$C$1000)-ROW(Auction!$C$5)+1),9)),"")} | H33: {=IFERROR(INDEX(Auction!$B$5:$B$1000,SMALL(IF(Auction!$C$5:$C$1000=$F$23,ROW(Auction!$C$5:$C$1000)-ROW(Auction!$C$5)+1),9)),"")} | J33: 9 | K33: {=IFERROR(INDEX(Auction!$A$5:$A$1000,SMALL(IF(Auction!$C$5:$C$1000=$J$23,ROW(Auction!$C$5:$C$1000)-ROW(Auction!$C$5)+1),9)),"")} | L33: {=IFERROR(INDEX(Auction!$B$5:$B$1000,SMALL(IF(Auction!$C$5:$C$1000=$J$23,ROW(Auction!$C$5:$C$1000)-ROW(Auction!$C$5)+1),9)),"")} | N33: 9 | O33: {=IFERROR(INDEX(Auction!$A$5:$A$1000,SMALL(IF(Auction!$C$5:$C$1000=$N$23,ROW(Auction!$C$5:$C$1000)-ROW(Auction!$C$5)+1),9)),"")} | P33: {=IFERROR(INDEX(Auction!$B$5:$B$1000,SMALL(IF(Auction!$C$5:$C$1000=$N$23,ROW(Auction!$C$5:$C$1000)-ROW(Auction!$C$5)+1),9)),"")} | R33: 9 | S33: {=IFERROR(INDEX(Auction!$A$5:$A$1000,SMALL(IF(Auction!$C$5:$C$1000=$R$23,ROW(Auction!$C$5:$C$1000)-ROW(Auction!$C$5)+1),9)),"")} | T33: {=IFERROR(INDEX(Auction!$B$5:$B$1000,SMALL(IF(Auction!$C$5:$C$1000=$R$23,ROW(Auction!$C$5:$C$1000)-ROW(Auction!$C$5)+1),9)),"")}
B34: 10 | C34: {=IFERROR(INDEX(Auction!$A$5:$A$1000,SMALL(IF(Auction!$C$5:$C$1000=$B$23,ROW(Auction!$C$5:$C$1000)-ROW(Auction!$C$5)+1),10)),"")} | D34: {=IFERROR(INDEX(Auction!$B$5:$B$1000,SMALL(IF(Auction!$C$5:$C$1000=$B$23,ROW(Auction!$C$5:$C$1000)-ROW(Auction!$C$5)+1),10)),"")} | F34: 10 | G34: {=IFERROR(INDEX(Auction!$A$5:$A$1000,SMALL(IF(Auction!$C$5:$C$1000=$F$23,ROW(Auction!$C$5:$C$1000)-ROW(Auction!$C$5)+1),10)),"")} | H34: {=IFERROR(INDEX(Auction!$B$5:$B$1000,SMALL(IF(Auction!$C$5:$C$1000=$F$23,ROW(Auction!$C$5:$C$1000)-ROW(Auction!$C$5)+1),10)),"")} | J34: 10 | K34: {=IFERROR(INDEX(Auction!$A$5:$A$1000,SMALL(IF(Auction!$C$5:$C$1000=$J$23,ROW(Auction!$C$5:$C$1000)-ROW(Auction!$C$5)+1),10)),"")} | L34: {=IFERROR(INDEX(Auction!$B$5:$B$1000,SMALL(IF(Auction!$C$5:$C$1000=$J$23,ROW(Auction!$C$5:$C$1000)-ROW(Auction!$C$5)+1),10)),"")} | N34: 10 | O34: {=IFERROR(INDEX(Auction!$A$5:$A$1000,SMALL(IF(Auction!$C$5:$C$1000=$N$23,ROW(Auction!$C$5:$C$1000)-ROW(Auction!$C$5)+1),10)),"")} | P34: {=IFERROR(INDEX(Auction!$B$5:$B$1000,SMALL(IF(Auction!$C$5:$C$1000=$N$23,ROW(Auction!$C$5:$C$1000)-ROW(Auction!$C$5)+1),10)),"")} | R34: 10 | S34: {=IFERROR(INDEX(Auction!$A$5:$A$1000,SMALL(IF(Auction!$C$5:$C$1000=$R$23,ROW(Auction!$C$5:$C$1000)-ROW(Auction!$C$5)+1),10)),"")} | T34: {=IFERROR(INDEX(Auction!$B$5:$B$1000,SMALL(IF(Auction!$C$5:$C$1000=$R$23,ROW(Auction!$C$5:$C$1000)-ROW(Auction!$C$5)+1),10)),"")}
B35: 11 | C35: {=IFERROR(INDEX(Auction!$A$5:$A$1000,SMALL(IF(Auction!$C$5:$C$1000=$B$23,ROW(Auction!$C$5:$C$1000)-ROW(Auction!$C$5)+1),11)),"")} | D35: {=IFERROR(INDEX(Auction!$B$5:$B$1000,SMALL(IF(Auction!$C$5:$C$1000=$B$23,ROW(Auction!$C$5:$C$1000)-ROW(Auction!$C$5)+1),11)),"")} | F35: 11 | G35: {=IFERROR(INDEX(Auction!$A$5:$A$1000,SMALL(IF(Auction!$C$5:$C$1000=$F$23,ROW(Auction!$C$5:$C$1000)-ROW(Auction!$C$5)+1),11)),"")} | H35: {=IFERROR(INDEX(Auction!$B$5:$B$1000,SMALL(IF(Auction!$C$5:$C$1000=$F$23,ROW(Auction!$C$5:$C$1000)-ROW(Auction!$C$5)+1),11)),"")} | J35: 11 | K35: {=IFERROR(INDEX(Auction!$A$5:$A$1000,SMALL(IF(Auction!$C$5:$C$1000=$J$23,ROW(Auction!$C$5:$C$1000)-ROW(Auction!$C$5)+1),11)),"")} | L35: {=IFERROR(INDEX(Auction!$B$5:$B$1000,SMALL(IF(Auction!$C$5:$C$1000=$J$23,ROW(Auction!$C$5:$C$1000)-ROW(Auction!$C$5)+1),11)),"")} | N35: 11 | O35: {=IFERROR(INDEX(Auction!$A$5:$A$1000,SMALL(IF(Auction!$C$5:$C$1000=$N$23,ROW(Auction!$C$5:$C$1000)-ROW(Auction!$C$5)+1),11)),"")} | P35: {=IFERROR(INDEX(Auction!$B$5:$B$1000,SMALL(IF(Auction!$C$5:$C$1000=$N$23,ROW(Auction!$C$5:$C$1000)-ROW(Auction!$C$5)+1),11)),"")} | R35: 11 | S35: {=IFERROR(INDEX(Auction!$A$5:$A$1000,SMALL(IF(Auction!$C$5:$C$1000=$R$23,ROW(Auction!$C$5:$C$1000)-ROW(Auction!$C$5)+1),11)),"")} | T35: {=IFERROR(INDEX(Auction!$B$5:$B$1000,SMALL(IF(Auction!$C$5:$C$1000=$R$23,ROW(Auction!$C$5:$C$1000)-ROW(Auction!$C$5)+1),11)),"")}
B36: 12 | C36: {=IFERROR(INDEX(Auction!$A$5:$A$1000,SMALL(IF(Auction!$C$5:$C$1000=$B$23,ROW(Auction!$C$5:$C$1000)-ROW(Auction!$C$5)+1),12)),"")} | D36: {=IFERROR(INDEX(Auction!$B$5:$B$1000,SMALL(IF(Auction!$C$5:$C$1000=$B$23,ROW(Auction!$C$5:$C$1000)-ROW(Auction!$C$5)+1),12)),"")} | F36: 12 | G36: {=IFERROR(INDEX(Auction!$A$5:$A$1000,SMALL(IF(Auction!$C$5:$C$1000=$F$23,ROW(Auction!$C$5:$C$1000)-ROW(Auction!$C$5)+1),12)),"")} | H36: {=IFERROR(INDEX(Auction!$B$5:$B$1000,SMALL(IF(Auction!$C$5:$C$1000=$F$23,ROW(Auction!$C$5:$C$1000)-ROW(Auction!$C$5)+1),12)),"")} | J36: 12 | K36: {=IFERROR(INDEX(Auction!$A$5:$A$1000,SMALL(IF(Auction!$C$5:$C$1000=$J$23,ROW(Auction!$C$5:$C$1000)-ROW(Auction!$C$5)+1),12)),"")} | L36: {=IFERROR(INDEX(Auction!$B$5:$B$1000,SMALL(IF(Auction!$C$5:$C$1000=$J$23,ROW(Auction!$C$5:$C$1000)-ROW(Auction!$C$5)+1),12)),"")} | N36: 12 | O36: {=IFERROR(INDEX(Auction!$A$5:$A$1000,SMALL(IF(Auction!$C$5:$C$1000=$N$23,ROW(Auction!$C$5:$C$1000)-ROW(Auction!$C$5)+1),12)),"")} | P36: {=IFERROR(INDEX(Auction!$B$5:$B$1000,SMALL(IF(Auction!$C$5:$C$1000=$N$23,ROW(Auction!$C$5:$C$1000)-ROW(Auction!$C$5)+1),12)),"")} | R36: 12 | S36: {=IFERROR(INDEX(Auction!$A$5:$A$1000,SMALL(IF(Auction!$C$5:$C$1000=$R$23,ROW(Auction!$C$5:$C$1000)-ROW(Auction!$C$5)+1),12)),"")} | T36: {=IFERROR(INDEX(Auction!$B$5:$B$1000,SMALL(IF(Auction!$C$5:$C$1000=$R$23,ROW(Auction!$C$5:$C$1000)-ROW(Auction!$C$5)+1),12)),"")}
B37: 13 | C37: {=IFERROR(INDEX(Auction!$A$5:$A$1000,SMALL(IF(Auction!$C$5:$C$1000=$B$23,ROW(Auction!$C$5:$C$1000)-ROW(Auction!$C$5)+1),13)),"")} | D37: {=IFERROR(INDEX(Auction!$B$5:$B$1000,SMALL(IF(Auction!$C$5:$C$1000=$B$23,ROW(Auction!$C$5:$C$1000)-ROW(Auction!$C$5)+1),13)),"")} | F37: 13 | G37: {=IFERROR(INDEX(Auction!$A$5:$A$1000,SMALL(IF(Auction!$C$5:$C$1000=$F$23,ROW(Auction!$C$5:$C$1000)-ROW(Auction!$C$5)+1),13)),"")} | H37: {=IFERROR(INDEX(Auction!$B$5:$B$1000,SMALL(IF(Auction!$C$5:$C$1000=$F$23,ROW(Auction!$C$5:$C$1000)-ROW(Auction!$C$5)+1),13)),"")} | J37: 13 | K37: {=IFERROR(INDEX(Auction!$A$5:$A$1000,SMALL(IF(Auction!$C$5:$C$1000=$J$23,ROW(Auction!$C$5:$C$1000)-ROW(Auction!$C$5)+1),13)),"")} | L37: {=IFERROR(INDEX(Auction!$B$5:$B$1000,SMALL(IF(Auction!$C$5:$C$1000=$J$23,ROW(Auction!$C$5:$C$1000)-ROW(Auction!$C$5)+1),13)),"")} | N37: 13 | O37: {=IFERROR(INDEX(Auction!$A$5:$A$1000,SMALL(IF(Auction!$C$5:$C$1000=$N$23,ROW(Auction!$C$5:$C$1000)-ROW(Auction!$C$5)+1),13)),"")} | P37: {=IFERROR(INDEX(Auction!$B$5:$B$1000,SMALL(IF(Auction!$C$5:$C$1000=$N$23,ROW(Auction!$C$5:$C$1000)-ROW(Auction!$C$5)+1),13)),"")} | R37: 13 | S37: {=IFERROR(INDEX(Auction!$A$5:$A$1000,SMALL(IF(Auction!$C$5:$C$1000=$R$23,ROW(Auction!$C$5:$C$1000)-ROW(Auction!$C$5)+1),13)),"")} | T37: {=IFERROR(INDEX(Auction!$B$5:$B$1000,SMALL(IF(Auction!$C$5:$C$1000=$R$23,ROW(Auction!$C$5:$C$1000)-ROW(Auction!$C$5)+1),13)),"")}
B38: 14 | C38: {=IFERROR(INDEX(Auction!$A$5:$A$1000,SMALL(IF(Auction!$C$5:$C$1000=$B$23,ROW(Auction!$C$5:$C$1000)-ROW(Auction!$C$5)+1),14)),"")} | D38: {=IFERROR(INDEX(Auction!$B$5:$B$1000,SMALL(IF(Auction!$C$5:$C$1000=$B$23,ROW(Auction!$C$5:$C$1000)-ROW(Auction!$C$5)+1),14)),"")} | F38: 14 | G38: {=IFERROR(INDEX(Auction!$A$5:$A$1000,SMALL(IF(Auction!$C$5:$C$1000=$F$23,ROW(Auction!$C$5:$C$1000)-ROW(Auction!$C$5)+1),14)),"")} | H38: {=IFERROR(INDEX(Auction!$B$5:$B$1000,SMALL(IF(Auction!$C$5:$C$1000=$F$23,ROW(Auction!$C$5:$C$1000)-ROW(Auction!$C$5)+1),14)),"")} | J38: 14 | K38: {=IFERROR(INDEX(Auction!$A$5:$A$1000,SMALL(IF(Auction!$C$5:$C$1000=$J$23,ROW(Auction!$C$5:$C$1000)-ROW(Auction!$C$5)+1),14)),"")} | L38: {=IFERROR(INDEX(Auction!$B$5:$B$1000,SMALL(IF(Auction!$C$5:$C$1000=$J$23,ROW(Auction!$C$5:$C$1000)-ROW(Auction!$C$5)+1),14)),"")} | N38: 14 | O38: {=IFERROR(INDEX(Auction!$A$5:$A$1000,SMALL(IF(Auction!$C$5:$C$1000=$N$23,ROW(Auction!$C$5:$C$1000)-ROW(Auction!$C$5)+1),14)),"")} | P38: {=IFERROR(INDEX(Auction!$B$5:$B$1000,SMALL(IF(Auction!$C$5:$C$1000=$N$23,ROW(Auction!$C$5:$C$1000)-ROW(Auction!$C$5)+1),14)),"")} | R38: 14 | S38: {=IFERROR(INDEX(Auction!$A$5:$A$1000,SMALL(IF(Auction!$C$5:$C$1000=$R$23,ROW(Auction!$C$5:$C$1000)-ROW(Auction!$C$5)+1),14)),"")} | T38: {=IFERROR(INDEX(Auction!$B$5:$B$1000,SMALL(IF(Auction!$C$5:$C$1000=$R$23,ROW(Auction!$C$5:$C$1000)-ROW(Auction!$C$5)+1),14)),"")}
B39: 15 | C39: {=IFERROR(INDEX(Auction!$A$5:$A$1000,SMALL(IF(Auction!$C$5:$C$1000=$B$23,ROW(Auction!$C$5:$C$1000)-ROW(Auction!$C$5)+1),15)),"")} | D39: {=IFERROR(INDEX(Auction!$B$5:$B$1000,SMALL(IF(Auction!$C$5:$C$1000=$B$23,ROW(Auction!$C$5:$C$1000)-ROW(Auction!$C$5)+1),15)),"")} | F39: 15 | G39: {=IFERROR(INDEX(Auction!$A$5:$A$1000,SMALL(IF(Auction!$C$5:$C$1000=$F$23,ROW(Auction!$C$5:$C$1000)-ROW(Auction!$C$5)+1),15)),"")} | H39: {=IFERROR(INDEX(Auction!$B$5:$B$1000,SMALL(IF(Auction!$C$5:$C$1000=$F$23,ROW(Auction!$C$5:$C$1000)-ROW(Auction!$C$5)+1),15)),"")} | J39: 15 | K39: {=IFERROR(INDEX(Auction!$A$5:$A$1000,SMALL(IF(Auction!$C$5:$C$1000=$J$23,ROW(Auction!$C$5:$C$1000)-ROW(Auction!$C$5)+1),15)),"")} | L39: {=IFERROR(INDEX(Auction!$B$5:$B$1000,SMALL(IF(Auction!$C$5:$C$1000=$J$23,ROW(Auction!$C$5:$C$1000)-ROW(Auction!$C$5)+1),15)),"")} | N39: 15 | O39: {=IFERROR(INDEX(Auction!$A$5:$A$1000,SMALL(IF(Auction!$C$5:$C$1000=$N$23,ROW(Auction!$C$5:$C$1000)-ROW(Auction!$C$5)+1),15)),"")} | P39: {=IFERROR(INDEX(Auction!$B$5:$B$1000,SMALL(IF(Auction!$C$5:$C$1000=$N$23,ROW(Auction!$C$5:$C$1000)-ROW(Auction!$C$5)+1),15)),"")} | R39: 15 | S39: {=IFERROR(INDEX(Auction!$A$5:$A$1000,SMALL(IF(Auction!$C$5:$C$1000=$R$23,ROW(Auction!$C$5:$C$1000)-ROW(Auction!$C$5)+1),15)),"")} | T39: {=IFERROR(INDEX(Auction!$B$5:$B$1000,SMALL(IF(Auction!$C$5:$C$1000=$R$23,ROW(Auction!$C$5:$C$1000)-ROW(Auction!$C$5)+1),15)),"")}
B40: Total Amount Spent | D40: =Balance!$C$9 | F40: Total Amount Spent | H40: =Balance!$C$10 | J40: Total Amount Spent | L40: =Balance!$C$11 | N40: Total Amount Spent | P40: =Balance!$C$12 | R40: Total Amount Spent | T40: =Balance!$C$13
B41: Total Amount Left | D41: =Balance!$D$9 | F41: Total Amount Left | H41: =Balance!$D$10 | J41: Total Amount Left | L41: =Balance!$D$11 | N41: Total Amount Left | P41: =Balance!$D$12 | R41: Total Amount Left | T41: =Balance!$D$13
B42: Total Amount | D42: =Balance!$B$9 | F42: Total Amount | H42: =Balance!$B$10 | J42: Total Amount | L42: =Balance!$B$11 | N42: Total Amount | P42: =Balance!$B$12 | R42: Total Amount | T42: =Balance!$B$13
B44: =Balance!$A$14 | F44: =Balance!$A$15 | J44: =Balance!$A$16 | N44: =Balance!$A$17 | R44: =Balance!$A$18
B45: S.No | C45: Player Name | D45: Amount | F45: S.No | G45: Player Name | H45: Amount | J45: S.No | K45: Player Name | L45: Amount | N45: S.No | O45: Player Name | P45: Amount | R45: S.No | S45: Player Name | T45: Amount
B46: 1 | C46: {=IFERROR(INDEX(Auction!$A$5:$A$1000,SMALL(IF(Auction!$C$5:$C$1000=$B$44,ROW(Auction!$C$5:$C$1000)-ROW(Auction!$C$5)+1),1)),"")} | D46: {=IFERROR(INDEX(Auction!$B$5:$B$1000,SMALL(IF(Auction!$C$5:$C$1000=$B$44,ROW(Auction!$C$5:$C$1000)-ROW(Auction!$C$5)+1),1)),"")} | F46: 1 | G46: {=IFERROR(INDEX(Auction!$A$5:$A$1000,SMALL(IF(Auction!$C$5:$C$1000=$F$44,ROW(Auction!$C$5:$C$1000)-ROW(Auction!$C$5)+1),1)),"")} | H46: {=IFERROR(INDEX(Auction!$B$5:$B$1000,SMALL(IF(Auction!$C$5:$C$1000=$F$44,ROW(Auction!$C$5:$C$1000)-ROW(Auction!$C$5)+1),1)),"")} | J46: 1 | K46: {=IFERROR(INDEX(Auction!$A$5:$A$1000,SMALL(IF(Auction!$C$5:$C$1000=$J$44,ROW(Auction!$C$5:$C$1000)-ROW(Auction!$C$5)+1),1)),"")} | L46: {=IFERROR(INDEX(Auction!$B$5:$B$1000,SMALL(IF(Auction!$C$5:$C$1000=$J$44,ROW(Auction!$C$5:$C$1000)-ROW(Auction!$C$5)+1),1)),"")} | N46: 1 | O46: {=IFERROR(INDEX(Auction!$A$5:$A$1000,SMALL(IF(Auction!$C$5:$C$1000=$N$44,ROW(Auction!$C$5:$C$1000)-ROW(Auction!$C$5)+1),1)),"")} | P46: {=IFERROR(INDEX(Auction!$B$5:$B$1000,SMALL(IF(Auction!$C$5:$C$1000=$N$44,ROW(Auction!$C$5:$C$1000)-ROW(Auction!$C$5)+1),1)),"")} | R46: 1 | S46: {=IFERROR(INDEX(Auction!$A$5:$A$1000,SMALL(IF(Auction!$C$5:$C$1000=$R$44,ROW(Auction!$C$5:$C$1000)-ROW(Auction!$C$5)+1),1)),"")} | T46: {=IFERROR(INDEX(Auction!$B$5:$B$1000,SMALL(IF(Auction!$C$5:$C$1000=$R$44,ROW(Auction!$C$5:$C$1000)-ROW(Auction!$C$5)+1),1)),"")}
B47: 2 | C47: {=IFERROR(INDEX(Auction!$A$5:$A$1000,SMALL(IF(Auction!$C$5:$C$1000=$B$44,ROW(Auction!$C$5:$C$1000)-ROW(Auction!$C$5)+1),2)),"")} | D47: {=IFERROR(INDEX(Auction!$B$5:$B$1000,SMALL(IF(Auction!$C$5:$C$1000=$B$44,ROW(Auction!$C$5:$C$1000)-ROW(Auction!$C$5)+1),2)),"")} | F47: 2 | G47: {=IFERROR(INDEX(Auction!$A$5:$A$1000,SMALL(IF(Auction!$C$5:$C$1000=$F$44,ROW(Auction!$C$5:$C$1000)-ROW(Auction!$C$5)+1),2)),"")} | H47: {=IFERROR(INDEX(Auction!$B$5:$B$1000,SMALL(IF(Auction!$C$5:$C$1000=$F$44,ROW(Auction!$C$5:$C$1000)-ROW(Auction!$C$5)+1),2)),"")} | J47: 2 | K47: {=IFERROR(INDEX(Auction!$A$5:$A$1000,SMALL(IF(Auction!$C$5:$C$1000=$J$44,ROW(Auction!$C$5:$C$1000)-ROW(Auction!$C$5)+1),2)),"")} | L47: {=IFERROR(INDEX(Auction!$B$5:$B$1000,SMALL(IF(Auction!$C$5:$C$1000=$J$44,ROW(Auction!$C$5:$C$1000)-ROW(Auction!$C$5)+1),2)),"")} | N47: 2 | O47: {=IFERROR(INDEX(Auction!$A$5:$A$1000,SMALL(IF(Auction!$C$5:$C$1000=$N$44,ROW(Auction!$C$5:$C$1000)-ROW(Auction!$C$5)+1),2)),"")} | P47: {=IFERROR(INDEX(Auction!$B$5:$B$1000,SMALL(IF(Auction!$C$5:$C$1000=$N$44,ROW(Auction!$C$5:$C$1000)-ROW(Auction!$C$5)+1),2)),"")} | R47: 2 | S47: {=IFERROR(INDEX(Auction!$A$5:$A$1000,SMALL(IF(Auction!$C$5:$C$1000=$R$44,ROW(Auction!$C$5:$C$1000)-ROW(Auction!$C$5)+1),2)),"")} | T47: {=IFERROR(INDEX(Auction!$B$5:$B$1000,SMALL(IF(Auction!$C$5:$C$1000=$R$44,ROW(Auction!$C$5:$C$1000)-ROW(Auction!$C$5)+1),2)),"")}
B48: 3 | C48: {=IFERROR(INDEX(Auction!$A$5:$A$1000,SMALL(IF(Auction!$C$5:$C$1000=$B$44,ROW(Auction!$C$5:$C$1000)-ROW(Auction!$C$5)+1),3)),"")} | D48: {=IFERROR(INDEX(Auction!$B$5:$B$1000,SMALL(IF(Auction!$C$5:$C$1000=$B$44,ROW(Auction!$C$5:$C$1000)-ROW(Auction!$C$5)+1),3)),"")} | F48: 3 | G48: {=IFERROR(INDEX(Auction!$A$5:$A$1000,SMALL(IF(Auction!$C$5:$C$1000=$F$44,ROW(Auction!$C$5:$C$1000)-ROW(Auction!$C$5)+1),3)),"")} | H48: {=IFERROR(INDEX(Auction!$B$5:$B$1000,SMALL(IF(Auction!$C$5:$C$1000=$F$44,ROW(Auction!$C$5:$C$1000)-ROW(Auction!$C$5)+1),3)),"")} | J48: 3 | K48: {=IFERROR(INDEX(Auction!$A$5:$A$1000,SMALL(IF(Auction!$C$5:$C$1000=$J$44,ROW(Auction!$C$5:$C$1000)-ROW(Auction!$C$5)+1),3)),"")} | L48: {=IFERROR(INDEX(Auction!$B$5:$B$1000,SMALL(IF(Auction!$C$5:$C$1000=$J$44,ROW(Auction!$C$5:$C$1000)-ROW(Auction!$C$5)+1),3)),"")} | N48: 3 | O48: {=IFERROR(INDEX(Auction!$A$5:$A$1000,SMALL(IF(Auction!$C$5:$C$1000=$N$44,ROW(Auction!$C$5:$C$1000)-ROW(Auction!$C$5)+1),3)),"")} | P48: {=IFERROR(INDEX(Auction!$B$5:$B$1000,SMALL(IF(Auction!$C$5:$C$1000=$N$44,ROW(Auction!$C$5:$C$1000)-ROW(Auction!$C$5)+1),3)),"")} | R48: 3 | S48: {=IFERROR(INDEX(Auction!$A$5:$A$1000,SMALL(IF(Auction!$C$5:$C$1000=$R$44,ROW(Auction!$C$5:$C$1000)-ROW(Auction!$C$5)+1),3)),"")} | T48: {=IFERROR(INDEX(Auction!$B$5:$B$1000,SMALL(IF(Auction!$C$5:$C$1000=$R$44,ROW(Auction!$C$5:$C$1000)-ROW(Auction!$C$5)+1),3)),"")}
B49: 4 | C49: {=IFERROR(INDEX(Auction!$A$5:$A$1000,SMALL(IF(Auction!$C$5:$C$1000=$B$44,ROW(Auction!$C$5:$C$1000)-ROW(Auction!$C$5)+1),4)),"")} | D49: {=IFERROR(INDEX(Auction!$B$5:$B$1000,SMALL(IF(Auction!$C$5:$C$1000=$B$44,ROW(Auction!$C$5:$C$1000)-ROW(Auction!$C$5)+1),4)),"")} | F49: 4 | G49: {=IFERROR(INDEX(Auction!$A$5:$A$1000,SMALL(IF(Auction!$C$5:$C$1000=$F$44,ROW(Auction!$C$5:$C$1000)-ROW(Auction!$C$5)+1),4)),"")} | H49: {=IFERROR(INDEX(Auction!$B$5:$B$1000,SMALL(IF(Auction!$C$5:$C$1000=$F$44,ROW(Auction!$C$5:$C$1000)-ROW(Auction!$C$5)+1),4)),"")} | J49: 4 | K49: {=IFERROR(INDEX(Auction!$A$5:$A$1000,SMALL(IF(Auction!$C$5:$C$1000=$J$44,ROW(Auction!$C$5:$C$1000)-ROW(Auction!$C$5)+1),4)),"")} | L49: {=IFERROR(INDEX(Auction!$B$5:$B$1000,SMALL(IF(Auction!$C$5:$C$1000=$J$44,ROW(Auction!$C$5:$C$1000)-ROW(Auction!$C$5)+1),4)),"")} | N49: 4 | O49: {=IFERROR(INDEX(Auction!$A$5:$A$1000,SMALL(IF(Auction!$C$5:$C$1000=$N$44,ROW(Auction!$C$5:$C$1000)-ROW(Auction!$C$5)+1),4)),"")} | P49: {=IFERROR(INDEX(Auction!$B$5:$B$1000,SMALL(IF(Auction!$C$5:$C$1000=$N$44,ROW(Auction!$C$5:$C$1000)-ROW(Auction!$C$5)+1),4)),"")} | R49: 4 | S49: {=IFERROR(INDEX(Auction!$A$5:$A$1000,SMALL(IF(Auction!$C$5:$C$1000=$R$44,ROW(Auction!$C$5:$C$1000)-ROW(Auction!$C$5)+1),4)),"")} | T49: {=IFERROR(INDEX(Auction!$B$5:$B$1000,SMALL(IF(Auction!$C$5:$C$1000=$R$44,ROW(Auction!$C$5:$C$1000)-ROW(Auction!$C$5)+1),4)),"")}
B50: 5 | C50: {=IFERROR(INDEX(Auction!$A$5:$A$1000,SMALL(IF(Auction!$C$5:$C$1000=$B$44,ROW(Auction!$C$5:$C$1000)-ROW(Auction!$C$5)+1),5)),"")} | D50: {=IFERROR(INDEX(Auction!$B$5:$B$1000,SMALL(IF(Auction!$C$5:$C$1000=$B$44,ROW(Auction!$C$5:$C$1000)-ROW(Auction!$C$5)+1),5)),"")} | F50: 5 | G50: {=IFERROR(INDEX(Auction!$A$5:$A$1000,SMALL(IF(Auction!$C$5:$C$1000=$F$44,ROW(Auction!$C$5:$C$1000)-ROW(Auction!$C$5)+1),5)),"")} | H50: {=IFERROR(INDEX(Auction!$B$5:$B$1000,SMALL(IF(Auction!$C$5:$C$1000=$F$44,ROW(Auction!$C$5:$C$1000)-ROW(Auction!$C$5)+1),5)),"")} | J50: 5 | K50: {=IFERROR(INDEX(Auction!$A$5:$A$1000,SMALL(IF(Auction!$C$5:$C$1000=$J$44,ROW(Auction!$C$5:$C$1000)-ROW(Auction!$C$5)+1),5)),"")} | L50: {=IFERROR(INDEX(Auction!$B$5:$B$1000,SMALL(IF(Auction!$C$5:$C$1000=$J$44,ROW(Auction!$C$5:$C$1000)-ROW(Auction!$C$5)+1),5)),"")} | N50: 5 | O50: {=IFERROR(INDEX(Auction!$A$5:$A$1000,SMALL(IF(Auction!$C$5:$C$1000=$N$44,ROW(Auction!$C$5:$C$1000)-ROW(Auction!$C$5)+1),5)),"")} | P50: {=IFERROR(INDEX(Auction!$B$5:$B$1000,SMALL(IF(Auction!$C$5:$C$1000=$N$44,ROW(Auction!$C$5:$C$1000)-ROW(Auction!$C$5)+1),5)),"")} | R50: 5 | S50: {=IFERROR(INDEX(Auction!$A$5:$A$1000,SMALL(IF(Auction!$C$5:$C$1000=$R$44,ROW(Auction!$C$5:$C$1000)-ROW(Auction!$C$5)+1),5)),"")} | T50: {=IFERROR(INDEX(Auction!$B$5:$B$1000,SMALL(IF(Auction!$C$5:$C$1000=$R$44,ROW(Auction!$C$5:$C$1000)-ROW(Auction!$C$5)+1),5)),"")}
B51: 6 | C51: {=IFERROR(INDEX(Auction!$A$5:$A$1000,SMALL(IF(Auction!$C$5:$C$1000=$B$44,ROW(Auction!$C$5:$C$1000)-ROW(Auction!$C$5)+1),6)),"")} | D51: {=IFERROR(INDEX(Auction!$B$5:$B$1000,SMALL(IF(Auction!$C$5:$C$1000=$B$44,ROW(Auction!$C$5:$C$1000)-ROW(Auction!$C$5)+1),6)),"")} | F51: 6 | G51: {=IFERROR(INDEX(Auction!$A$5:$A$1000,SMALL(IF(Auction!$C$5:$C$1000=$F$44,ROW(Auction!$C$5:$C$1000)-ROW(Auction!$C$5)+1),6)),"")} | H51: {=IFERROR(INDEX(Auction!$B$5:$B$1000,SMALL(IF(Auction!$C$5:$C$1000=$F$44,ROW(Auction!$C$5:$C$1000)-ROW(Auction!$C$5)+1),6)),"")} | J51: 6 | K51: {=IFERROR(INDEX(Auction!$A$5:$A$1000,SMALL(IF(Auction!$C$5:$C$1000=$J$44,ROW(Auction!$C$5:$C$1000)-ROW(Auction!$C$5)+1),6)),"")} | L51: {=IFERROR(INDEX(Auction!$B$5:$B$1000,SMALL(IF(Auction!$C$5:$C$1000=$J$44,ROW(Auction!$C$5:$C$1000)-ROW(Auction!$C$5)+1),6)),"")} | N51: 6 | O51: {=IFERROR(INDEX(Auction!$A$5:$A$1000,SMALL(IF(Auction!$C$5:$C$1000=$N$44,ROW(Auction!$C$5:$C$1000)-ROW(Auction!$C$5)+1),6)),"")} | P51: {=IFERROR(INDEX(Auction!$B$5:$B$1000,SMALL(IF(Auction!$C$5:$C$1000=$N$44,ROW(Auction!$C$5:$C$1000)-ROW(Auction!$C$5)+1),6)),"")} | R51: 6 | S51: {=IFERROR(INDEX(Auction!$A$5:$A$1000,SMALL(IF(Auction!$C$5:$C$1000=$R$44,ROW(Auction!$C$5:$C$1000)-ROW(Auction!$C$5)+1),6)),"")} | T51: {=IFERROR(INDEX(Auction!$B$5:$B$1000,SMALL(IF(Auction!$C$5:$C$1000=$R$44,ROW(Auction!$C$5:$C$1000)-ROW(Auction!$C$5)+1),6)),"")}
B52: 7 | C52: {=IFERROR(INDEX(Auction!$A$5:$A$1000,SMALL(IF(Auction!$C$5:$C$1000=$B$44,ROW(Auction!$C$5:$C$1000)-ROW(Auction!$C$5)+1),7)),"")} | D52: {=IFERROR(INDEX(Auction!$B$5:$B$1000,SMALL(IF(Auction!$C$5:$C$1000=$B$44,ROW(Auction!$C$5:$C$1000)-ROW(Auction!$C$5)+1),7)),"")} | F52: 7 | G52: {=IFERROR(INDEX(Auction!$A$5:$A$1000,SMALL(IF(Auction!$C$5:$C$1000=$F$44,ROW(Auction!$C$5:$C$1000)-ROW(Auction!$C$5)+1),7)),"")} | H52: {=IFERROR(INDEX(Auction!$B$5:$B$1000,SMALL(IF(Auction!$C$5:$C$1000=$F$44,ROW(Auction!$C$5:$C$1000)-ROW(Auction!$C$5)+1),7)),"")} | J52: 7 | K52: {=IFERROR(INDEX(Auction!$A$5:$A$1000,SMALL(IF(Auction!$C$5:$C$1000=$J$44,ROW(Auction!$C$5:$C$1000)-ROW(Auction!$C$5)+1),7)),"")} | L52: {=IFERROR(INDEX(Auction!$B$5:$B$1000,SMALL(IF(Auction!$C$5:$C$1000=$J$44,ROW(Auction!$C$5:$C$1000)-ROW(Auction!$C$5)+1),7)),"")} | N52: 7 | O52: {=IFERROR(INDEX(Auction!$A$5:$A$1000,SMALL(IF(Auction!$C$5:$C$1000=$N$44,ROW(Auction!$C$5:$C$1000)-ROW(Auction!$C$5)+1),7)),"")} | P52: {=IFERROR(INDEX(Auction!$B$5:$B$1000,SMALL(IF(Auction!$C$5:$C$1000=$N$44,ROW(Auction!$C$5:$C$1000)-ROW(Auction!$C$5)+1),7)),"")} | R52: 7 | S52: {=IFERROR(INDEX(Auction!$A$5:$A$1000,SMALL(IF(Auction!$C$5:$C$1000=$R$44,ROW(Auction!$C$5:$C$1000)-ROW(Auction!$C$5)+1),7)),"")} | T52: {=IFERROR(INDEX(Auction!$B$5:$B$1000,SMALL(IF(Auction!$C$5:$C$1000=$R$44,ROW(Auction!$C$5:$C$1000)-ROW(Auction!$C$5)+1),7)),"")}
B53: 8 | C53: {=IFERROR(INDEX(Auction!$A$5:$A$1000,SMALL(IF(Auction!$C$5:$C$1000=$B$44,ROW(Auction!$C$5:$C$1000)-ROW(Auction!$C$5)+1),8)),"")} | D53: {=IFERROR(INDEX(Auction!$B$5:$B$1000,SMALL(IF(Auction!$C$5:$C$1000=$B$44,ROW(Auction!$C$5:$C$1000)-ROW(Auction!$C$5)+1),8)),"")} | F53: 8 | G53: {=IFERROR(INDEX(Auction!$A$5:$A$1000,SMALL(IF(Auction!$C$5:$C$1000=$F$44,ROW(Auction!$C$5:$C$1000)-ROW(Auction!$C$5)+1),8)),"")} | H53: {=IFERROR(INDEX(Auction!$B$5:$B$1000,SMALL(IF(Auction!$C$5:$C$1000=$F$44,ROW(Auction!$C$5:$C$1000)-ROW(Auction!$C$5)+1),8)),"")} | J53: 8 | K53: {=IFERROR(INDEX(Auction!$A$5:$A$1000,SMALL(IF(Auction!$C$5:$C$1000=$J$44,ROW(Auction!$C$5:$C$1000)-ROW(Auction!$C$5)+1),8)),"")} | L53: {=IFERROR(INDEX(Auction!$B$5:$B$1000,SMALL(IF(Auction!$C$5:$C$1000=$J$44,ROW(Auction!$C$5:$C$1000)-ROW(Auction!$C$5)+1),8)),"")} | N53: 8 | O53: {=IFERROR(INDEX(Auction!$A$5:$A$1000,SMALL(IF(Auction!$C$5:$C$1000=$N$44,ROW(Auction!$C$5:$C$1000)-ROW(Auction!$C$5)+1),8)),"")} | P53: {=IFERROR(INDEX(Auction!$B$5:$B$1000,SMALL(IF(Auction!$C$5:$C$1000=$N$44,ROW(Auction!$C$5:$C$1000)-ROW(Auction!$C$5)+1),8)),"")} | R53: 8 | S53: {=IFERROR(INDEX(Auction!$A$5:$A$1000,SMALL(IF(Auction!$C$5:$C$1000=$R$44,ROW(Auction!$C$5:$C$1000)-ROW(Auction!$C$5)+1),8)),"")} | T53: {=IFERROR(INDEX(Auction!$B$5:$B$1000,SMALL(IF(Auction!$C$5:$C$1000=$R$44,ROW(Auction!$C$5:$C$1000)-ROW(Auction!$C$5)+1),8)),"")}
B54: 9 | C54: {=IFERROR(INDEX(Auction!$A$5:$A$1000,SMALL(IF(Auction!$C$5:$C$1000=$B$44,ROW(Auction!$C$5:$C$1000)-ROW(Auction!$C$5)+1),9)),"")} | D54: {=IFERROR(INDEX(Auction!$B$5:$B$1000,SMALL(IF(Auction!$C$5:$C$1000=$B$44,ROW(Auction!$C$5:$C$1000)-ROW(Auction!$C$5)+1),9)),"")} | F54: 9 | G54: {=IFERROR(INDEX(Auction!$A$5:$A$1000,SMALL(IF(Auction!$C$5:$C$1000=$F$44,ROW(Auction!$C$5:$C$1000)-ROW(Auction!$C$5)+1),9)),"")} | H54: {=IFERROR(INDEX(Auction!$B$5:$B$1000,SMALL(IF(Auction!$C$5:$C$1000=$F$44,ROW(Auction!$C$5:$C$1000)-ROW(Auction!$C$5)+1),9)),"")} | J54: 9 | K54: {=IFERROR(INDEX(Auction!$A$5:$A$1000,SMALL(IF(Auction!$C$5:$C$1000=$J$44,ROW(Auction!$C$5:$C$1000)-ROW(Auction!$C$5)+1),9)),"")} | L54: {=IFERROR(INDEX(Auction!$B$5:$B$1000,SMALL(IF(Auction!$C$5:$C$1000=$J$44,ROW(Auction!$C$5:$C$1000)-ROW(Auction!$C$5)+1),9)),"")} | N54: 9 | O54: {=IFERROR(INDEX(Auction!$A$5:$A$1000,SMALL(IF(Auction!$C$5:$C$1000=$N$44,ROW(Auction!$C$5:$C$1000)-ROW(Auction!$C$5)+1),9)),"")} | P54: {=IFERROR(INDEX(Auction!$B$5:$B$1000,SMALL(IF(Auction!$C$5:$C$1000=$N$44,ROW(Auction!$C$5:$C$1000)-ROW(Auction!$C$5)+1),9)),"")} | R54: 9 | S54: {=IFERROR(INDEX(Auction!$A$5:$A$1000,SMALL(IF(Auction!$C$5:$C$1000=$R$44,ROW(Auction!$C$5:$C$1000)-ROW(Auction!$C$5)+1),9)),"")} | T54: {=IFERROR(INDEX(Auction!$B$5:$B$1000,SMALL(IF(Auction!$C$5:$C$1000=$R$44,ROW(Auction!$C$5:$C$1000)-ROW(Auction!$C$5)+1),9)),"")}
B55: 10 | C55: {=IFERROR(INDEX(Auction!$A$5:$A$1000,SMALL(IF(Auction!$C$5:$C$1000=$B$44,ROW(Auction!$C$5:$C$1000)-ROW(Auction!$C$5)+1),10)),"")} | D55: {=IFERROR(INDEX(Auction!$B$5:$B$1000,SMALL(IF(Auction!$C$5:$C$1000=$B$44,ROW(Auction!$C$5:$C$1000)-ROW(Auction!$C$5)+1),10)),"")} | F55: 10 | G55: {=IFERROR(INDEX(Auction!$A$5:$A$1000,SMALL(IF(Auction!$C$5:$C$1000=$F$44,ROW(Auction!$C$5:$C$1000)-ROW(Auction!$C$5)+1),10)),"")} | H55: {=IFERROR(INDEX(Auction!$B$5:$B$1000,SMALL(IF(Auction!$C$5:$C$1000=$F$44,ROW(Auction!$C$5:$C$1000)-ROW(Auction!$C$5)+1),10)),"")} | J55: 10 | K55: {=IFERROR(INDEX(Auction!$A$5:$A$1000,SMALL(IF(Auction!$C$5:$C$1000=$J$44,ROW(Auction!$C$5:$C$1000)-ROW(Auction!$C$5)+1),10)),"")} | L55: {=IFERROR(INDEX(Auction!$B$5:$B$1000,SMALL(IF(Auction!$C$5:$C$1000=$J$44,ROW(Auction!$C$5:$C$1000)-ROW(Auction!$C$5)+1),10)),"")} | N55: 10 | O55: {=IFERROR(INDEX(Auction!$A$5:$A$1000,SMALL(IF(Auction!$C$5:$C$1000=$N$44,ROW(Auction!$C$5:$C$1000)-ROW(Auction!$C$5)+1),10)),"")} | P55: {=IFERROR(INDEX(Auction!$B$5:$B$1000,SMALL(IF(Auction!$C$5:$C$1000=$N$44,ROW(Auction!$C$5:$C$1000)-ROW(Auction!$C$5)+1),10)),"")} | R55: 10 | S55: {=IFERROR(INDEX(Auction!$A$5:$A$1000,SMALL(IF(Auction!$C$5:$C$1000=$R$44,ROW(Auction!$C$5:$C$1000)-ROW(Auction!$C$5)+1),10)),"")} | T55: {=IFERROR(INDEX(Auction!$B$5:$B$1000,SMALL(IF(Auction!$C$5:$C$1000=$R$44,ROW(Auction!$C$5:$C$1000)-ROW(Auction!$C$5)+1),10)),"")}
B56: 11 | C56: {=IFERROR(INDEX(Auction!$A$5:$A$1000,SMALL(IF(Auction!$C$5:$C$1000=$B$44,ROW(Auction!$C$5:$C$1000)-ROW(Auction!$C$5)+1),11)),"")} | D56: {=IFERROR(INDEX(Auction!$B$5:$B$1000,SMALL(IF(Auction!$C$5:$C$1000=$B$44,ROW(Auction!$C$5:$C$1000)-ROW(Auction!$C$5)+1),11)),"")} | F56: 11 | G56: {=IFERROR(INDEX(Auction!$A$5:$A$1000,SMALL(IF(Auction!$C$5:$C$1000=$F$44,ROW(Auction!$C$5:$C$1000)-ROW(Auction!$C$5)+1),11)),"")} | H56: {=IFERROR(INDEX(Auction!$B$5:$B$1000,SMALL(IF(Auction!$C$5:$C$1000=$F$44,ROW(Auction!$C$5:$C$1000)-ROW(Auction!$C$5)+1),11)),"")} | J56: 11 | K56: {=IFERROR(INDEX(Auction!$A$5:$A$1000,SMALL(IF(Auction!$C$5:$C$1000=$J$44,ROW(Auction!$C$5:$C$1000)-ROW(Auction!$C$5)+1),11)),"")} | L56: {=IFERROR(INDEX(Auction!$B$5:$B$1000,SMALL(IF(Auction!$C$5:$C$1000=$J$44,ROW(Auction!$C$5:$C$1000)-ROW(Auction!$C$5)+1),11)),"")} | N56: 11 | O56: {=IFERROR(INDEX(Auction!$A$5:$A$1000,SMALL(IF(Auction!$C$5:$C$1000=$N$44,ROW(Auction!$C$5:$C$1000)-ROW(Auction!$C$5)+1),11)),"")} | P56: {=IFERROR(INDEX(Auction!$B$5:$B$1000,SMALL(IF(Auction!$C$5:$C$1000=$N$44,ROW(Auction!$C$5:$C$1000)-ROW(Auction!$C$5)+1),11)),"")} | R56: 11 | S56: {=IFERROR(INDEX(Auction!$A$5:$A$1000,SMALL(IF(Auction!$C$5:$C$1000=$R$44,ROW(Auction!$C$5:$C$1000)-ROW(Auction!$C$5)+1),11)),"")} | T56: {=IFERROR(INDEX(Auction!$B$5:$B$1000,SMALL(IF(Auction!$C$5:$C$1000=$R$44,ROW(Auction!$C$5:$C$1000)-ROW(Auction!$C$5)+1),11)),"")}
B57: 12 | C57: {=IFERROR(INDEX(Auction!$A$5:$A$1000,SMALL(IF(Auction!$C$5:$C$1000=$B$44,ROW(Auction!$C$5:$C$1000)-ROW(Auction!$C$5)+1),12)),"")} | D57: {=IFERROR(INDEX(Auction!$B$5:$B$1000,SMALL(IF(Auction!$C$5:$C$1000=$B$44,ROW(Auction!$C$5:$C$1000)-ROW(Auction!$C$5)+1),12)),"")} | F57: 12 | G57: {=IFERROR(INDEX(Auction!$A$5:$A$1000,SMALL(IF(Auction!$C$5:$C$1000=$F$44,ROW(Auction!$C$5:$C$1000)-ROW(Auction!$C$5)+1),12)),"")} | H57: {=IFERROR(INDEX(Auction!$B$5:$B$1000,SMALL(IF(Auction!$C$5:$C$1000=$F$44,ROW(Auction!$C$5:$C$1000)-ROW(Auction!$C$5)+1),12)),"")} | J57: 12 | K57: {=IFERROR(INDEX(Auction!$A$5:$A$1000,SMALL(IF(Auction!$C$5:$C$1000=$J$44,ROW(Auction!$C$5:$C$1000)-ROW(Auction!$C$5)+1),12)),"")} | L57: {=IFERROR(INDEX(Auction!$B$5:$B$1000,SMALL(IF(Auction!$C$5:$C$1000=$J$44,ROW(Auction!$C$5:$C$1000)-ROW(Auction!$C$5)+1),12)),"")} | N57: 12 | O57: {=IFERROR(INDEX(Auction!$A$5:$A$1000,SMALL(IF(Auction!$C$5:$C$1000=$N$44,ROW(Auction!$C$5:$C$1000)-ROW(Auction!$C$5)+1),12)),"")} | P57: {=IFERROR(INDEX(Auction!$B$5:$B$1000,SMALL(IF(Auction!$C$5:$C$1000=$N$44,ROW(Auction!$C$5:$C$1000)-ROW(Auction!$C$5)+1),12)),"")} | R57: 12 | S57: {=IFERROR(INDEX(Auction!$A$5:$A$1000,SMALL(IF(Auction!$C$5:$C$1000=$R$44,ROW(Auction!$C$5:$C$1000)-ROW(Auction!$C$5)+1),12)),"")} | T57: {=IFERROR(INDEX(Auction!$B$5:$B$1000,SMALL(IF(Auction!$C$5:$C$1000=$R$44,ROW(Auction!$C$5:$C$1000)-ROW(Auction!$C$5)+1),12)),"")}
B58: 13 | C58: {=IFERROR(INDEX(Auction!$A$5:$A$1000,SMALL(IF(Auction!$C$5:$C$1000=$B$44,ROW(Auction!$C$5:$C$1000)-ROW(Auction!$C$5)+1),13)),"")} | D58: {=IFERROR(INDEX(Auction!$B$5:$B$1000,SMALL(IF(Auction!$C$5:$C$1000=$B$44,ROW(Auction!$C$5:$C$1000)-ROW(Auction!$C$5)+1),13)),"")} | F58: 13 | G58: {=IFERROR(INDEX(Auction!$A$5:$A$1000,SMALL(IF(Auction!$C$5:$C$1000=$F$44,ROW(Auction!$C$5:$C$1000)-ROW(Auction!$C$5)+1),13)),"")} | H58: {=IFERROR(INDEX(Auction!$B$5:$B$1000,SMALL(IF(Auction!$C$5:$C$1000=$F$44,ROW(Auction!$C$5:$C$1000)-ROW(Auction!$C$5)+1),13)),"")} | J58: 13 | K58: {=IFERROR(INDEX(Auction!$A$5:$A$1000,SMALL(IF(Auction!$C$5:$C$1000=$J$44,ROW(Auction!$C$5:$C$1000)-ROW(Auction!$C$5)+1),13)),"")} | L58: {=IFERROR(INDEX(Auction!$B$5:$B$1000,SMALL(IF(Auction!$C$5:$C$1000=$J$44,ROW(Auction!$C$5:$C$1000)-ROW(Auction!$C$5)+1),13)),"")} | N58: 13 | O58: {=IFERROR(INDEX(Auction!$A$5:$A$1000,SMALL(IF(Auction!$C$5:$C$1000=$N$44,ROW(Auction!$C$5:$C$1000)-ROW(Auction!$C$5)+1),13)),"")} | P58: {=IFERROR(INDEX(Auction!$B$5:$B$1000,SMALL(IF(Auction!$C$5:$C$1000=$N$44,ROW(Auction!$C$5:$C$1000)-ROW(Auction!$C$5)+1),13)),"")} | R58: 13 | S58: {=IFERROR(INDEX(Auction!$A$5:$A$1000,SMALL(IF(Auction!$C$5:$C$1000=$R$44,ROW(Auction!$C$5:$C$1000)-ROW(Auction!$C$5)+1),13)),"")} | T58: {=IFERROR(INDEX(Auction!$B$5:$B$1000,SMALL(IF(Auction!$C$5:$C$1000=$R$44,ROW(Auction!$C$5:$C$1000)-ROW(Auction!$C$5)+1),13)),"")}
B59: 14 | C59: {=IFERROR(INDEX(Auction!$A$5:$A$1000,SMALL(IF(Auction!$C$5:$C$1000=$B$44,ROW(Auction!$C$5:$C$1000)-ROW(Auction!$C$5)+1),14)),"")} | D59: {=IFERROR(INDEX(Auction!$B$5:$B$1000,SMALL(IF(Auction!$C$5:$C$1000=$B$44,ROW(Auction!$C$5:$C$1000)-ROW(Auction!$C$5)+1),14)),"")} | F59: 14 | G59: {=IFERROR(INDEX(Auction!$A$5:$A$1000,SMALL(IF(Auction!$C$5:$C$1000=$F$44,ROW(Auction!$C$5:$C$1000)-ROW(Auction!$C$5)+1),14)),"")} | H59: {=IFERROR(INDEX(Auction!$B$5:$B$1000,SMALL(IF(Auction!$C$5:$C$1000=$F$44,ROW(Auction!$C$5:$C$1000)-ROW(Auction!$C$5)+1),14)),"")} | J59: 14 | K59: {=IFERROR(INDEX(Auction!$A$5:$A$1000,SMALL(IF(Auction!$C$5:$C$1000=$J$44,ROW(Auction!$C$5:$C$1000)-ROW(Auction!$C$5)+1),14)),"")} | L59: {=IFERROR(INDEX(Auction!$B$5:$B$1000,SMALL(IF(Auction!$C$5:$C$1000=$J$44,ROW(Auction!$C$5:$C$1000)-ROW(Auction!$C$5)+1),14)),"")} | N59: 14 | O59: {=IFERROR(INDEX(Auction!$A$5:$A$1000,SMALL(IF(Auction!$C$5:$C$1000=$N$44,ROW(Auction!$C$5:$C$1000)-ROW(Auction!$C$5)+1),14)),"")} | P59: {=IFERROR(INDEX(Auction!$B$5:$B$1000,SMALL(IF(Auction!$C$5:$C$1000=$N$44,ROW(Auction!$C$5:$C$1000)-ROW(Auction!$C$5)+1),14)),"")} | R59: 14 | S59: {=IFERROR(INDEX(Auction!$A$5:$A$1000,SMALL(IF(Auction!$C$5:$C$1000=$R$44,ROW(Auction!$C$5:$C$1000)-ROW(Auction!$C$5)+1),14)),"")} | T59: {=IFERROR(INDEX(Auction!$B$5:$B$1000,SMALL(IF(Auction!$C$5:$C$1000=$R$44,ROW(Auction!$C$5:$C$1000)-ROW(Auction!$C$5)+1),14)),"")}
B60: 15 | C60: {=IFERROR(INDEX(Auction!$A$5:$A$1000,SMALL(IF(Auction!$C$5:$C$1000=$B$44,ROW(Auction!$C$5:$C$1000)-ROW(Auction!$C$5)+1),15)),"")} | D60: {=IFERROR(INDEX(Auction!$B$5:$B$1000,SMALL(IF(Auction!$C$5:$C$1000=$B$44,ROW(Auction!$C$5:$C$1000)-ROW(Auction!$C$5)+1),15)),"")} | F60: 15 | G60: {=IFERROR(INDEX(Auction!$A$5:$A$1000,SMALL(IF(Auction!$C$5:$C$1000=$F$44,ROW(Auction!$C$5:$C$1000)-ROW(Auction!$C$5)+1),15)),"")} | H60: {=IFERROR(INDEX(Auction!$B$5:$B$1000,SMALL(IF(Auction!$C$5:$C$1000=$F$44,ROW(Auction!$C$5:$C$1000)-ROW(Auction!$C$5)+1),15)),"")} | J60: 15 | K60: {=IFERROR(INDEX(Auction!$A$5:$A$1000,SMALL(IF(Auction!$C$5:$C$1000=$J$44,ROW(Auction!$C$5:$C$1000)-ROW(Auction!$C$5)+1),15)),"")} | L60: {=IFERROR(INDEX(Auction!$B$5:$B$1000,SMALL(IF(Auction!$C$5:$C$1000=$J$44,ROW(Auction!$C$5:$C$1000)-ROW(Auction!$C$5)+1),15)),"")} | N60: 15 | O60: {=IFERROR(INDEX(Auction!$A$5:$A$1000,SMALL(IF(Auction!$C$5:$C$1000=$N$44,ROW(Auction!$C$5:$C$1000)-ROW(Auction!$C$5)+1),15)),"")} | P60: {=IFERROR(INDEX(Auction!$B$5:$B$1000,SMALL(IF(Auction!$C$5:$C$1000=$N$44,ROW(Auction!$C$5:$C$1000)-ROW(Auction!$C$5)+1),15)),"")} | R60: 15 | S60: {=IFERROR(INDEX(Auction!$A$5:$A$1000,SMALL(IF(Auction!$C$5:$C$1000=$R$44,ROW(Auction!$C$5:$C$1000)-ROW(Auction!$C$5)+1),15)),"")} | T60: {=IFERROR(INDEX(Auction!$B$5:$B$1000,SMALL(IF(Auction!$C$5:$C$1000=$R$44,ROW(Auction!$C$5:$C$1000)-ROW(Auction!$C$5)+1),15)),"")}
B61: Total Amount Spent | D61: =Balance!$C$14 | F61: Total Amount Spent | H61: =Balance!$C$15 | J61: Total Amount Spent | L61: =Balance!$C$16 | N61: Total Amount Spent | P61: =Balance!$C$17 | R61: Total Amount Spent | T61: =Balance!$C$18
B62: Total Amount Left | D62: =Balance!$D$14 | F62: Total Amount Left | H62: =Balance!$D$15 | J62: Total Amount Left | L62: =Balance!$D$16 | N62: Total Amount Left | P62: =Balance!$D$17 | R62: Total Amount Left | T62: =Balance!$D$18
B63: Total Amount | D63: =Balance!$B$14 | F63: Total Amount | H63: =Balance!$B$15 | J63: Total Amount | L63: =Balance!$B$16 | N63: Total Amount | P63: =Balance!$B$17 | R63: Total Amount | T63: =Balance!$B$18

Sheet Mumbai Indians
A1: =Balance!A4
A3: Purse (Cr) | B3: =Balance!B4
A4: Spent (Cr) | B4: =Balance!C4
A5: Balance (Cr) | B5: =Balance!D4
A6: Players | B6: =Balance!E4
A8: Player | B8: Price (Cr) | C8: Role | D8: Hand | E8: Country | F8: City
A9: {=IFERROR(INDEX(Auction!$A$5:$A$1000,SMALL(IF(Auction!$C$5:$C$1000=$A$1,ROW(Auction!$C$5:$C$1000)-ROW(Auction!$C$5)+1),ROWS($A$9:A9))),"")} | B9: {=IFERROR(INDEX(Auction!$B$5:$B$1000,SMALL(IF(Auction!$C$5:$C$1000=$A$1,ROW(Auction!$C$5:$C$1000)-ROW(Auction!$C$5)+1),ROWS($A$9:A9))),"")} | C9: =IFERROR(T(VLOOKUP($A9,Players!$A:$E,2,FALSE)),"") | D9: =IFERROR(T(VLOOKUP($A9,Players!$A:$E,3,FALSE)),"") | E9: =IFERROR(T(VLOOKUP($A9,Players!$A:$E,4,FALSE)),"") | F9: =IFERROR(T(VLOOKUP($A9,Players!$A:$E,5,FALSE)),"")
A10: {=IFERROR(INDEX(Auction!$A$5:$A$1000,SMALL(IF(Auction!$C$5:$C$1000=$A$1,ROW(Auction!$C$5:$C$1000)-ROW(Auction!$C$5)+1),ROWS($A$9:A10))),"")} | B10: {=IFERROR(INDEX(Auction!$B$5:$B$1000,SMALL(IF(Auction!$C$5:$C$1000=$A$1,ROW(Auction!$C$5:$C$1000)-ROW(Auction!$C$5)+1),ROWS($A$9:A10))),"")} | C10: =IFERROR(T(VLOOKUP($A10,Players!$A:$E,2,FALSE)),"") | D10: =IFERROR(T(VLOOKUP($A10,Players!$A:$E,3,FALSE)),"") | E10: =IFERROR(T(VLOOKUP($A10,Players!$A:$E,4,FALSE)),"") | F10: =IFERROR(T(VLOOKUP($A10,Players!$A:$E,5,FALSE)),"")
A11: {=IFERROR(INDEX(Auction!$A$5:$A$1000,SMALL(IF(Auction!$C$5:$C$1000=$A$1,ROW(Auction!$C$5:$C$1000)-ROW(Auction!$C$5)+1),ROWS($A$9:A11))),"")} | B11: {=IFERROR(INDEX(Auction!$B$5:$B$1000,SMALL(IF(Auction!$C$5:$C$1000=$A$1,ROW(Auction!$C$5:$C$1000)-ROW(Auction!$C$5)+1),ROWS($A$9:A11))),"")} | C11: =IFERROR(T(VLOOKUP($A11,Players!$A:$E,2,FALSE)),"") | D11: =IFERROR(T(VLOOKUP($A11,Players!$A:$E,3,FALSE)),"") | E11: =IFERROR(T(VLOOKUP($A11,Players!$A:$E,4,FALSE)),"") | F11: =IFERROR(T(VLOOKUP($A11,Players!$A:$E,5,FALSE)),"")
A12: {=IFERROR(INDEX(Auction!$A$5:$A$1000,SMALL(IF(Auction!$C$5:$C$1000=$A$1,ROW(Auction!$C$5:$C$1000)-ROW(Auction!$C$5)+1),ROWS($A$9:A12))),"")} | B12: {=IFERROR(INDEX(Auction!$B$5:$B$1000,SMALL(IF(Auction!$C$5:$C$1000=$A$1,ROW(Auction!$C$5:$C$1000)-ROW(Auction!$C$5)+1),ROWS($A$9:A12))),"")} | C12: =IFERROR(T(VLOOKUP($A12,Players!$A:$E,2,FALSE)),"") | D12: =IFERROR(T(VLOOKUP($A12,Players!$A:$E,3,FALSE)),"") | E12: =IFERROR(T(VLOOKUP($A12,Players!$A:$E,4,FALSE)),"") | F12: =IFERROR(T(VLOOKUP($A12,Players!$A:$E,5,FALSE)),"")
A13: {=IFERROR(INDEX(Auction!$A$5:$A$1000,SMALL(IF(Auction!$C$5:$C$1000=$A$1,ROW(Auction!$C$5:$C$1000)-ROW(Auction!$C$5)+1),ROWS($A$9:A13))),"")} | B13: {=IFERROR(INDEX(Auction!$B$5:$B$1000,SMALL(IF(Auction!$C$5:$C$1000=$A$1,ROW(Auction!$C$5:$C$1000)-ROW(Auction!$C$5)+1),ROWS($A$9:A13))),"")} | C13: =IFERROR(T(VLOOKUP($A13,Players!$A:$E,2,FALSE)),"") | D13: =IFERROR(T(VLOOKUP($A13,Players!$A:$E,3,FALSE)),"") | E13: =IFERROR(T(VLOOKUP($A13,Players!$A:$E,4,FALSE)),"") | F13: =IFERROR(T(VLOOKUP($A13,Players!$A:$E,5,FALSE)),"")
A14: {=IFERROR(INDEX(Auction!$A$5:$A$1000,SMALL(IF(Auction!$C$5:$C$1000=$A$1,ROW(Auction!$C$5:$C$1000)-ROW(Auction!$C$5)+1),ROWS($A$9:A14))),"")} | B14: {=IFERROR(INDEX(Auction!$B$5:$B$1000,SMALL(IF(Auction!$C$5:$C$1000=$A$1,ROW(Auction!$C$5:$C$1000)-ROW(Auction!$C$5)+1),ROWS($A$9:A14))),"")} | C14: =IFERROR(T(VLOOKUP($A14,Players!$A:$E,2,FALSE)),"") | D14: =IFERROR(T(VLOOKUP($A14,Players!$A:$E,3,FALSE)),"") | E14: =IFERROR(T(VLOOKUP($A14,Players!$A:$E,4,FALSE)),"") | F14: =IFERROR(T(VLOOKUP($A14,Players!$A:$E,5,FALSE)),"")
A15: {=IFERROR(INDEX(Auction!$A$5:$A$1000,SMALL(IF(Auction!$C$5:$C$1000=$A$1,ROW(Auction!$C$5:$C$1000)-ROW(Auction!$C$5)+1),ROWS($A$9:A15))),"")} | B15: {=IFERROR(INDEX(Auction!$B$5:$B$1000,SMALL(IF(Auction!$C$5:$C$1000=$A$1,ROW(Auction!$C$5:$C$1000)-ROW(Auction!$C$5)+1),ROWS($A$9:A15))),"")} | C15: =IFERROR(T(VLOOKUP($A15,Players!$A:$E,2,FALSE)),"") | D15: =IFERROR(T(VLOOKUP($A15,Players!$A:$E,3,FALSE)),"") | E15: =IFERROR(T(VLOOKUP($A15,Players!$A:$E,4,FALSE)),"") | F15: =IFERROR(T(VLOOKUP($A15,Players!$A:$E,5,FALSE)),"")
A16: {=IFERROR(INDEX(Auction!$A$5:$A$1000,SMALL(IF(Auction!$C$5:$C$1000=$A$1,ROW(Auction!$C$5:$C$1000)-ROW(Auction!$C$5)+1),ROWS($A$9:A16))),"")} | B16: {=IFERROR(INDEX(Auction!$B$5:$B$1000,SMALL(IF(Auction!$C$5:$C$1000=$A$1,ROW(Auction!$C$5:$C$1000)-ROW(Auction!$C$5)+1),ROWS($A$9:A16))),"")} | C16: =IFERROR(T(VLOOKUP($A16,Players!$A:$E,2,FALSE)),"") | D16: =IFERROR(T(VLOOKUP($A16,Players!$A:$E,3,FALSE)),"") | E16: =IFERROR(T(VLOOKUP($A16,Players!$A:$E,4,FALSE)),"") | F16: =IFERROR(T(VLOOKUP($A16,Players!$A:$E,5,FALSE)),"")
A17: {=IFERROR(INDEX(Auction!$A$5:$A$1000,SMALL(IF(Auction!$C$5:$C$1000=$A$1,ROW(Auction!$C$5:$C$1000)-ROW(Auction!$C$5)+1),ROWS($A$9:A17))),"")} | B17: {=IFERROR(INDEX(Auction!$B$5:$B$1000,SMALL(IF(Auction!$C$5:$C$1000=$A$1,ROW(Auction!$C$5:$C$1000)-ROW(Auction!$C$5)+1),ROWS($A$9:A17))),"")} | C17: =IFERROR(T(VLOOKUP($A17,Players!$A:$E,2,FALSE)),"") | D17: =IFERROR(T(VLOOKUP($A17,Players!$A:$E,3,FALSE)),"") | E17: =IFERROR(T(VLOOKUP($A17,Players!$A:$E,4,FALSE)),"") | F17: =IFERROR(T(VLOOKUP($A17,Players!$A:$E,5,FALSE)),"")
A18: {=IFERROR(INDEX(Auction!$A$5:$A$1000,SMALL(IF(Auction!$C$5:$C$1000=$A$1,ROW(Auction!$C$5:$C$1000)-ROW(Auction!$C$5)+1),ROWS($A$9:A18))),"")} | B18: {=IFERROR(INDEX(Auction!$B$5:$B$1000,SMALL(IF(Auction!$C$5:$C$1000=$A$1,ROW(Auction!$C$5:$C$1000)-ROW(Auction!$C$5)+1),ROWS($A$9:A18))),"")} | C18: =IFERROR(T(VLOOKUP($A18,Players!$A:$E,2,FALSE)),"") | D18: =IFERROR(T(VLOOKUP($A18,Players!$A:$E,3,FALSE)),"") | E18: =IFERROR(T(VLOOKUP($A18,Players!$A:$E,4,FALSE)),"") | F18: =IFERROR(T(VLOOKUP($A18,Players!$A:$E,5,FALSE)),"")
A19: {=IFERROR(INDEX(Auction!$A$5:$A$1000,SMALL(IF(Auction!$C$5:$C$1000=$A$1,ROW(Auction!$C$5:$C$1000)-ROW(Auction!$C$5)+1),ROWS($A$9:A19))),"")} | B19: {=IFERROR(INDEX(Auction!$B$5:$B$1000,SMALL(IF(Auction!$C$5:$C$1000=$A$1,ROW(Auction!$C$5:$C$1000)-ROW(Auction!$C$5)+1),ROWS($A$9:A19))),"")} | C19: =IFERROR(T(VLOOKUP($A19,Players!$A:$E,2,FALSE)),"") | D19: =IFERROR(T(VLOOKUP($A19,Players!$A:$E,3,FALSE)),"") | E19: =IFERROR(T(VLOOKUP($A19,Players!$A:$E,4,FALSE)),"") | F19: =IFERROR(T(VLOOKUP($A19,Players!$A:$E,5,FALSE)),"")
A20: {=IFERROR(INDEX(Auction!$A$5:$A$1000,SMALL(IF(Auction!$C$5:$C$1000=$A$1,ROW(Auction!$C$5:$C$1000)-ROW(Auction!$C$5)+1),ROWS($A$9:A20))),"")} | B20: {=IFERROR(INDEX(Auction!$B$5:$B$1000,SMALL(IF(Auction!$C$5:$C$1000=$A$1,ROW(Auction!$C$5:$C$1000)-ROW(Auction!$C$5)+1),ROWS($A$9:A20))),"")} | C20: =IFERROR(T(VLOOKUP($A20,Players!$A:$E,2,FALSE)),"") | D20: =IFERROR(T(VLOOKUP($A20,Players!$A:$E,3,FALSE)),"") | E20: =IFERROR(T(VLOOKUP($A20,Players!$A:$E,4,FALSE)),"") | F20: =IFERROR(T(VLOOKUP($A20,Players!$A:$E,5,FALSE)),"")
... A48: {=IFERROR(INDEX(Auction!$A$5:$A$1000,SMALL(IF(Auction!$C$5:$C$1000=$A$1,ROW(Auction!$C$5:$C$1000)-ROW(Auction!$C$5)+1),ROWS($A$9:A48))),"")} | B48: {=IFERROR(INDEX(Auction!$B$5:$B$1000,SMALL(IF(Auction!$C$5:$C$1000=$A$1,ROW(Auction!$C$5:$C$1000)-ROW(Auction!$C$5)+1),ROWS($A$9:A48))),"")} | C48: =IFERROR(T(VLOOKUP($A48,Players!$A:$E,2,FALSE)),"") | D48: =IFERROR(T(VLOOKUP($A48,Players!$A:$E,3,FALSE)),"") | E48: =IFERROR(T(VLOOKUP($A48,Players!$A:$E,4,FALSE)),"") | F48: =IFERROR(T(VLOOKUP($A48,Players!$A:$E,5,FALSE)),"")

Sheet Royal Challangers Banglore
A1: =Balance!A5
A3: Purse (Cr) | B3: =Balance!B5
A4: Spent (Cr) | B4: =Balance!C5
A5: Balance (Cr) | B5: =Balance!D5
A6: Players | B6: =Balance!E5
A8: Player | B8: Price (Cr) | C8: Role | D8: Hand | E8: Country | F8: City
A9: {=IFERROR(INDEX(Auction!$A$5:$A$1000,SMALL(IF(Auction!$C$5:$C$1000=$A$1,ROW(Auction!$C$5:$C$1000)-ROW(Auction!$C$5)+1),ROWS($A$9:A9))),"")} | B9: {=IFERROR(INDEX(Auction!$B$5:$B$1000,SMALL(IF(Auction!$C$5:$C$1000=$A$1,ROW(Auction!$C$5:$C$1000)-ROW(Auction!$C$5)+1),ROWS($A$9:A9))),"")} | C9: =IFERROR(T(VLOOKUP($A9,Players!$A:$E,2,FALSE)),"") | D9: =IFERROR(T(VLOOKUP($A9,Players!$A:$E,3,FALSE)),"") | E9: =IFERROR(T(VLOOKUP($A9,Players!$A:$E,4,FALSE)),"") | F9: =IFERROR(T(VLOOKUP($A9,Players!$A:$E,5,FALSE)),"")
A10: {=IFERROR(INDEX(Auction!$A$5:$A$1000,SMALL(IF(Auction!$C$5:$C$1000=$A$1,ROW(Auction!$C$5:$C$1000)-ROW(Auction!$C$5)+1),ROWS($A$9:A10))),"")} | B10: {=IFERROR(INDEX(Auction!$B$5:$B$1000,SMALL(IF(Auction!$C$5:$C$1000=$A$1,ROW(Auction!$C$5:$C$1000)-ROW(Auction!$C$5)+1),ROWS($A$9:A10))),"")} | C10: =IFERROR(T(VLOOKUP($A10,Players!$A:$E,2,FALSE)),"") | D10: =IFERROR(T(VLOOKUP($A10,Players!$A:$E,3,FALSE)),"") | E10: =IFERROR(T(VLOOKUP($A10,Players!$A:$E,4,FALSE)),"") | F10: =IFERROR(T(VLOOKUP($A10,Players!$A:$E,5,FALSE)),"")
A11: {=IFERROR(INDEX(Auction!$A$5:$A$1000,SMALL(IF(Auction!$C$5:$C$1000=$A$1,ROW(Auction!$C$5:$C$1000)-ROW(Auction!$C$5)+1),ROWS($A$9:A11))),"")} | B11: {=IFERROR(INDEX(Auction!$B$5:$B$1000,SMALL(IF(Auction!$C$5:$C$1000=$A$1,ROW(Auction!$C$5:$C$1000)-ROW(Auction!$C$5)+1),ROWS($A$9:A11))),"")} | C11: =IFERROR(T(VLOOKUP($A11,Players!$A:$E,2,FALSE)),"") | D11: =IFERROR(T(VLOOKUP($A11,Players!$A:$E,3,FALSE)),"") | E11: =IFERROR(T(VLOOKUP($A11,Players!$A:$E,4,FALSE)),"") | F11: =IFERROR(T(VLOOKUP($A11,Players!$A:$E,5,FALSE)),"")
A12: {=IFERROR(INDEX(Auction!$A$5:$A$1000,SMALL(IF(Auction!$C$5:$C$1000=$A$1,ROW(Auction!$C$5:$C$1000)-ROW(Auction!$C$5)+1),ROWS($A$9:A12))),"")} | B12: {=IFERROR(INDEX(Auction!$B$5:$B$1000,SMALL(IF(Auction!$C$5:$C$1000=$A$1,ROW(Auction!$C$5:$C$1000)-ROW(Auction!$C$5)+1),ROWS($A$9:A12))),"")} | C12: =IFERROR(T(VLOOKUP($A12,Players!$A:$E,2,FALSE)),"") | D12: =IFERROR(T(VLOOKUP($A12,Players!$A:$E,3,FALSE)),"") | E12: =IFERROR(T(VLOOKUP($A12,Players!$A:$E,4,FALSE)),"") | F12: =IFERROR(T(VLOOKUP($A12,Players!$A:$E,5,FALSE)),"")
A13: {=IFERROR(INDEX(Auction!$A$5:$A$1000,SMALL(IF(Auction!$C$5:$C$1000=$A$1,ROW(Auction!$C$5:$C$1000)-ROW(Auction!$C$5)+1),ROWS($A$9:A13))),"")} | B13: {=IFERROR(INDEX(Auction!$B$5:$B$1000,SMALL(IF(Auction!$C$5:$C$1000=$A$1,ROW(Auction!$C$5:$C$1000)-ROW(Auction!$C$5)+1),ROWS($A$9:A13))),"")} | C13: =IFERROR(T(VLOOKUP($A13,Players!$A:$E,2,FALSE)),"") | D13: =IFERROR(T(VLOOKUP($A13,Players!$A:$E,3,FALSE)),"") | E13: =IFERROR(T(VLOOKUP($A13,Players!$A:$E,4,FALSE)),"") | F13: =IFERROR(T(VLOOKUP($A13,Players!$A:$E,5,FALSE)),"")
A14: {=IFERROR(INDEX(Auction!$A$5:$A$1000,SMALL(IF(Auction!$C$5:$C$1000=$A$1,ROW(Auction!$C$5:$C$1000)-ROW(Auction!$C$5)+1),ROWS($A$9:A14))),"")} | B14: {=IFERROR(INDEX(Auction!$B$5:$B$1000,SMALL(IF(Auction!$C$5:$C$1000=$A$1,ROW(Auction!$C$5:$C$1000)-ROW(Auction!$C$5)+1),ROWS($A$9:A14))),"")} | C14: =IFERROR(T(VLOOKUP($A14,Players!$A:$E,2,FALSE)),"") | D14: =IFERROR(T(VLOOKUP($A14,Players!$A:$E,3,FALSE)),"") | E14: =IFERROR(T(VLOOKUP($A14,Players!$A:$E,4,FALSE)),"") | F14: =IFERROR(T(VLOOKUP($A14,Players!$A:$E,5,FALSE)),"")
A15: {=IFERROR(INDEX(Auction!$A$5:$A$1000,SMALL(IF(Auction!$C$5:$C$1000=$A$1,ROW(Auction!$C$5:$C$1000)-ROW(Auction!$C$5)+1),ROWS($A$9:A15))),"")} | B15: {=IFERROR(INDEX(Auction!$B$5:$B$1000,SMALL(IF(Auction!$C$5:$C$1000=$A$1,ROW(Auction!$C$5:$C$1000)-ROW(Auction!$C$5)+1),ROWS($A$9:A15))),"")} | C15: =IFERROR(T(VLOOKUP($A15,Players!$A:$E,2,FALSE)),"") | D15: =IFERROR(T(VLOOKUP($A15,Players!$A:$E,3,FALSE)),"") | E15: =IFERROR(T(VLOOKUP($A15,Players!$A:$E,4,FALSE)),"") | F15: =IFERROR(T(VLOOKUP($A15,Players!$A:$E,5,FALSE)),"")
A16: {=IFERROR(INDEX(Auction!$A$5:$A$1000,SMALL(IF(Auction!$C$5:$C$1000=$A$1,ROW(Auction!$C$5:$C$1000)-ROW(Auction!$C$5)+1),ROWS($A$9:A16))),"")} | B16: {=IFERROR(INDEX(Auction!$B$5:$B$1000,SMALL(IF(Auction!$C$5:$C$1000=$A$1,ROW(Auction!$C$5:$C$1000)-ROW(Auction!$C$5)+1),ROWS($A$9:A16))),"")} | C16: =IFERROR(T(VLOOKUP($A16,Players!$A:$E,2,FALSE)),"") | D16: =IFERROR(T(VLOOKUP($A16,Players!$A:$E,3,FALSE)),"") | E16: =IFERROR(T(VLOOKUP($A16,Players!$A:$E,4,FALSE)),"") | F16: =IFERROR(T(VLOOKUP($A16,Players!$A:$E,5,FALSE)),"")
A17: {=IFERROR(INDEX(Auction!$A$5:$A$1000,SMALL(IF(Auction!$C$5:$C$1000=$A$1,ROW(Auction!$C$5:$C$1000)-ROW(Auction!$C$5)+1),ROWS($A$9:A17))),"")} | B17: {=IFERROR(INDEX(Auction!$B$5:$B$1000,SMALL(IF(Auction!$C$5:$C$1000=$A$1,ROW(Auction!$C$5:$C$1000)-ROW(Auction!$C$5)+1),ROWS($A$9:A17))),"")} | C17: =IFERROR(T(VLOOKUP($A17,Players!$A:$E,2,FALSE)),"") | D17: =IFERROR(T(VLOOKUP($A17,Players!$A:$E,3,FALSE)),"") | E17: =IFERROR(T(VLOOKUP($A17,Players!$A:$E,4,FALSE)),"") | F17: =IFERROR(T(VLOOKUP($A17,Players!$A:$E,5,FALSE)),"")
A18: {=IFERROR(INDEX(Auction!$A$5:$A$1000,SMALL(IF(Auction!$C$5:$C$1000=$A$1,ROW(Auction!$C$5:$C$1000)-ROW(Auction!$C$5)+1),ROWS($A$9:A18))),"")} | B18: {=IFERROR(INDEX(Auction!$B$5:$B$1000,SMALL(IF(Auction!$C$5:$C$1000=$A$1,ROW(Auction!$C$5:$C$1000)-ROW(Auction!$C$5)+1),ROWS($A$9:A18))),"")} | C18: =IFERROR(T(VLOOKUP($A18,Players!$A:$E,2,FALSE)),"") | D18: =IFERROR(T(VLOOKUP($A18,Players!$A:$E,3,FALSE)),"") | E18: =IFERROR(T(VLOOKUP($A18,Players!$A:$E,4,FALSE)),"") | F18: =IFERROR(T(VLOOKUP($A18,Players!$A:$E,5,FALSE)),"")
A19: {=IFERROR(INDEX(Auction!$A$5:$A$1000,SMALL(IF(Auction!$C$5:$C$1000=$A$1,ROW(Auction!$C$5:$C$1000)-ROW(Auction!$C$5)+1),ROWS($A$9:A19))),"")} | B19: {=IFERROR(INDEX(Auction!$B$5:$B$1000,SMALL(IF(Auction!$C$5:$C$1000=$A$1,ROW(Auction!$C$5:$C$1000)-ROW(Auction!$C$5)+1),ROWS($A$9:A19))),"")} | C19: =IFERROR(T(VLOOKUP($A19,Players!$A:$E,2,FALSE)),"") | D19: =IFERROR(T(VLOOKUP($A19,Players!$A:$E,3,FALSE)),"") | E19: =IFERROR(T(VLOOKUP($A19,Players!$A:$E,4,FALSE)),"") | F19: =IFERROR(T(VLOOKUP($A19,Players!$A:$E,5,FALSE)),"")
A20: {=IFERROR(INDEX(Auction!$A$5:$A$1000,SMALL(IF(Auction!$C$5:$C$1000=$A$1,ROW(Auction!$C$5:$C$1000)-ROW(Auction!$C$5)+1),ROWS($A$9:A20))),"")} | B20: {=IFERROR(INDEX(Auction!$B$5:$B$1000,SMALL(IF(Auction!$C$5:$C$1000=$A$1,ROW(Auction!$C$5:$C$1000)-ROW(Auction!$C$5)+1),ROWS($A$9:A20))),"")} | C20: =IFERROR(T(VLOOKUP($A20,Players!$A:$E,2,FALSE)),"") | D20: =IFERROR(T(VLOOKUP($A20,Players!$A:$E,3,FALSE)),"") | E20: =IFERROR(T(VLOOKUP($A20,Players!$A:$E,4,FALSE)),"") | F20: =IFERROR(T(VLOOKUP($A20,Players!$A:$E,5,FALSE)),"")
... A48: {=IFERROR(INDEX(Auction!$A$5:$A$1000,SMALL(IF(Auction!$C$5:$C$1000=$A$1,ROW(Auction!$C$5:$C$1000)-ROW(Auction!$C$5)+1),ROWS($A$9:A48))),"")} | B48: {=IFERROR(INDEX(Auction!$B$5:$B$1000,SMALL(IF(Auction!$C$5:$C$1000=$A$1,ROW(Auction!$C$5:$C$1000)-ROW(Auction!$C$5)+1),ROWS($A$9:A48))),"")} | C48: =IFERROR(T(VLOOKUP($A48,Players!$A:$E,2,FALSE)),"") | D48: =IFERROR(T(VLOOKUP($A48,Players!$A:$E,3,FALSE)),"") | E48: =IFERROR(T(VLOOKUP($A48,Players!$A:$E,4,FALSE)),"") | F48: =IFERROR(T(VLOOKUP($A48,Players!$A:$E,5,FALSE)),"")

Sheet Chennai Super Kings
A1: =Balance!A6
A3: Purse (Cr) | B3: =Balance!B6
A4: Spent (Cr) | B4: =Balance!C6
A5: Balance (Cr) | B5: =Balance!D6
A6: Players | B6: =Balance!E6
A8: Player | B8: Price (Cr) | C8: Role | D8: Hand | E8: Country | F8: City
A9: {=IFERROR(INDEX(Auction!$A$5:$A$1000,SMALL(IF(Auction!$C$5:$C$1000=$A$1,ROW(Auction!$C$5:$C$1000)-ROW(Auction!$C$5)+1),ROWS($A$9:A9))),"")} | B9: {=IFERROR(INDEX(Auction!$B$5:$B$1000,SMALL(IF(Auction!$C$5:$C$1000=$A$1,ROW(Auction!$C$5:$C$1000)-ROW(Auction!$C$5)+1),ROWS($A$9:A9))),"")} | C9: =IFERROR(T(VLOOKUP($A9,Players!$A:$E,2,FALSE)),"") | D9: =IFERROR(T(VLOOKUP($A9,Players!$A:$E,3,FALSE)),"") | E9: =IFERROR(T(VLOOKUP($A9,Players!$A:$E,4,FALSE)),"") | F9: =IFERROR(T(VLOOKUP($A9,Players!$A:$E,5,FALSE)),"")
A10: {=IFERROR(INDEX(Auction!$A$5:$A$1000,SMALL(IF(Auction!$C$5:$C$1000=$A$1,ROW(Auction!$C$5:$C$1000)-ROW(Auction!$C$5)+1),ROWS($A$9:A10))),"")} | B10: {=IFERROR(INDEX(Auction!$B$5:$B$1000,SMALL(IF(Auction!$C$5:$C$1000=$A$1,ROW(Auction!$C$5:$C$1000)-ROW(Auction!$C$5)+1),ROWS($A$9:A10))),"")} | C10: =IFERROR(T(VLOOKUP($A10,Players!$A:$E,2,FALSE)),"") | D10: =IFERROR(T(VLOOKUP($A10,Players!$A:$E,3,FALSE)),"") | E10: =IFERROR(T(VLOOKUP($A10,Players!$A:$E,4,FALSE)),"") | F10: =IFERROR(T(VLOOKUP($A10,Players!$A:$E,5,FALSE)),"")
A11: {=IFERROR(INDEX(Auction!$A$5:$A$1000,SMALL(IF(Auction!$C$5:$C$1000=$A$1,ROW(Auction!$C$5:$C$1000)-ROW(Auction!$C$5)+1),ROWS($A$9:A11))),"")} | B11: {=IFERROR(INDEX(Auction!$B$5:$B$1000,SMALL(IF(Auction!$C$5:$C$1000=$A$1,ROW(Auction!$C$5:$C$1000)-ROW(Auction!$C$5)+1),ROWS($A$9:A11))),"")} | C11: =IFERROR(T(VLOOKUP($A11,Players!$A:$E,2,FALSE)),"") | D11: =IFERROR(T(VLOOKUP($A11,Players!$A:$E,3,FALSE)),"") | E11: =IFERROR(T(VLOOKUP($A11,Players!$A:$E,4,FALSE)),"") | F11: =IFERROR(T(VLOOKUP($A11,Players!$A:$E,5,FALSE)),"")
A12: {=IFERROR(INDEX(Auction!$A$5:$A$1000,SMALL(IF(Auction!$C$5:$C$1000=$A$1,ROW(Auction!$C$5:$C$1000)-ROW(Auction!$C$5)+1),ROWS($A$9:A12))),"")} | B12: {=IFERROR(INDEX(Auction!$B$5:$B$1000,SMALL(IF(Auction!$C$5:$C$1000=$A$1,ROW(Auction!$C$5:$C$1000)-ROW(Auction!$C$5)+1),ROWS($A$9:A12))),"")} | C12: =IFERROR(T(VLOOKUP($A12,Players!$A:$E,2,FALSE)),"") | D12: =IFERROR(T(VLOOKUP($A12,Players!$A:$E,3,FALSE)),"") | E12: =IFERROR(T(VLOOKUP($A12,Players!$A:$E,4,FALSE)),"") | F12: =IFERROR(T(VLOOKUP($A12,Players!$A:$E,5,FALSE)),"")
A13: {=IFERROR(INDEX(Auction!$A$5:$A$1000,SMALL(IF(Auction!$C$5:$C$1000=$A$1,ROW(Auction!$C$5:$C$1000)-ROW(Auction!$C$5)+1),ROWS($A$9:A13))),"")} | B13: {=IFERROR(INDEX(Auction!$B$5:$B$1000,SMALL(IF(Auction!$C$5:$C$1000=$A$1,ROW(Auction!$C$5:$C$1000)-ROW(Auction!$C$5)+1),ROWS($A$9:A13))),"")} | C13: =IFERROR(T(VLOOKUP($A13,Players!$A:$E,2,FALSE)),"") | D13: =IFERROR(T(VLOOKUP($A13,Players!$A:$E,3,FALSE)),"") | E13: =IFERROR(T(VLOOKUP($A13,Players!$A:$E,4,FALSE)),"") | F13: =IFERROR(T(VLOOKUP($A13,Players!$A:$E,5,FALSE)),"")
A14: {=IFERROR(INDEX(Auction!$A$5:$A$1000,SMALL(IF(Auction!$C$5:$C$1000=$A$1,ROW(Auction!$C$5:$C$1000)-ROW(Auction!$C$5)+1),ROWS($A$9:A14))),"")} | B14: {=IFERROR(INDEX(Auction!$B$5:$B$1000,SMALL(IF(Auction!$C$5:$C$1000=$A$1,ROW(Auction!$C$5:$C$1000)-ROW(Auction!$C$5)+1),ROWS($A$9:A14))),"")} | C14: =IFERROR(T(VLOOKUP($A14,Players!$A:$E,2,FALSE)),"") | D14: =IFERROR(T(VLOOKUP($A14,Players!$A:$E,3,FALSE)),"") | E14: =IFERROR(T(VLOOKUP($A14,Players!$A:$E,4,FALSE)),"") | F14: =IFERROR(T(VLOOKUP($A14,Players!$A:$E,5,FALSE)),"")
A15: {=IFERROR(INDEX(Auction!$A$5:$A$1000,SMALL(IF(Auction!$C$5:$C$1000=$A$1,ROW(Auction!$C$5:$C$1000)-ROW(Auction!$C$5)+1),ROWS($A$9:A15))),"")} | B15: {=IFERROR(INDEX(Auction!$B$5:$B$1000,SMALL(IF(Auction!$C$5:$C$1000=$A$1,ROW(Auction!$C$5:$C$1000)-ROW(Auction!$C$5)+1),ROWS($A$9:A15))),"")} | C15: =IFERROR(T(VLOOKUP($A15,Players!$A:$E,2,FALSE)),"") | D15: =IFERROR(T(VLOOKUP($A15,Players!$A:$E,3,FALSE)),"") | E15: =IFERROR(T(VLOOKUP($A15,Players!$A:$E,4,FALSE)),"") | F15: =IFERROR(T(VLOOKUP($A15,Players!$A:$E,5,FALSE)),"")
A16: {=IFERROR(INDEX(Auction!$A$5:$A$1000,SMALL(IF(Auction!$C$5:$C$1000=$A$1,ROW(Auction!$C$5:$C$1000)-ROW(Auction!$C$5)+1),ROWS($A$9:A16))),"")} | B16: {=IFERROR(INDEX(Auction!$B$5:$B$1000,SMALL(IF(Auction!$C$5:$C$1000=$A$1,ROW(Auction!$C$5:$C$1000)-ROW(Auction!$C$5)+1),ROWS($A$9:A16))),"")} | C16: =IFERROR(T(VLOOKUP($A16,Players!$A:$E,2,FALSE)),"") | D16: =IFERROR(T(VLOOKUP($A16,Players!$A:$E,3,FALSE)),"") | E16: =IFERROR(T(VLOOKUP($A16,Players!$A:$E,4,FALSE)),"") | F16: =IFERROR(T(VLOOKUP($A16,Players!$A:$E,5,FALSE)),"")
A17: {=IFERROR(INDEX(Auction!$A$5:$A$1000,SMALL(IF(Auction!$C$5:$C$1000=$A$1,ROW(Auction!$C$5:$C$1000)-ROW(Auction!$C$5)+1),ROWS($A$9:A17))),"")} | B17: {=IFERROR(INDEX(Auction!$B$5:$B$1000,SMALL(IF(Auction!$C$5:$C$1000=$A$1,ROW(Auction!$C$5:$C$1000)-ROW(Auction!$C$5)+1),ROWS($A$9:A17))),"")} | C17: =IFERROR(T(VLOOKUP($A17,Players!$A:$E,2,FALSE)),"") | D17: =IFERROR(T(VLOOKUP($A17,Players!$A:$E,3,FALSE)),"") | E17: =IFERROR(T(VLOOKUP($A17,Players!$A:$E,4,FALSE)),"") | F17: =IFERROR(T(VLOOKUP($A17,Players!$A:$E,5,FALSE)),"")
A18: {=IFERROR(INDEX(Auction!$A$5:$A$1000,SMALL(IF(Auction!$C$5:$C$1000=$A$1,ROW(Auction!$C$5:$C$1000)-ROW(Auction!$C$5)+1),ROWS($A$9:A18))),"")} | B18: {=IFERROR(INDEX(Auction!$B$5:$B$1000,SMALL(IF(Auction!$C$5:$C$1000=$A$1,ROW(Auction!$C$5:$C$1000)-ROW(Auction!$C$5)+1),ROWS($A$9:A18))),"")} | C18: =IFERROR(T(VLOOKUP($A18,Players!$A:$E,2,FALSE)),"") | D18: =IFERROR(T(VLOOKUP($A18,Players!$A:$E,3,FALSE)),"") | E18: =IFERROR(T(VLOOKUP($A18,Players!$A:$E,4,FALSE)),"") | F18: =IFERROR(T(VLOOKUP($A18,Players!$A:$E,5,FALSE)),"")
A19: {=IFERROR(INDEX(Auction!$A$5:$A$1000,SMALL(IF(Auction!$C$5:$C$1000=$A$1,ROW(Auction!$C$5:$C$1000)-ROW(Auction!$C$5)+1),ROWS($A$9:A19))),"")} | B19: {=IFERROR(INDEX(Auction!$B$5:$B$1000,SMALL(IF(Auction!$C$5:$C$1000=$A$1,ROW(Auction!$C$5:$C$1000)-ROW(Auction!$C$5)+1),ROWS($A$9:A19))),"")} | C19: =IFERROR(T(VLOOKUP($A19,Players!$A:$E,2,FALSE)),"") | D19: =IFERROR(T(VLOOKUP($A19,Players!$A:$E,3,FALSE)),"") | E19: =IFERROR(T(VLOOKUP($A19,Players!$A:$E,4,FALSE)),"") | F19: =IFERROR(T(VLOOKUP($A19,Players!$A:$E,5,FALSE)),"")
A20: {=IFERROR(INDEX(Auction!$A$5:$A$1000,SMALL(IF(Auction!$C$5:$C$1000=$A$1,ROW(Auction!$C$5:$C$1000)-ROW(Auction!$C$5)+1),ROWS($A$9:A20))),"")} | B20: {=IFERROR(INDEX(Auction!$B$5:$B$1000,SMALL(IF(Auction!$C$5:$C$1000=$A$1,ROW(Auction!$C$5:$C$1000)-ROW(Auction!$C$5)+1),ROWS($A$9:A20))),"")} | C20: =IFERROR(T(VLOOKUP($A20,Players!$A:$E,2,FALSE)),"") | D20: =IFERROR(T(VLOOKUP($A20,Players!$A:$E,3,FALSE)),"") | E20: =IFERROR(T(VLOOKUP($A20,Players!$A:$E,4,FALSE)),"") | F20: =IFERROR(T(VLOOKUP($A20,Players!$A:$E,5,FALSE)),"")
... A48: {=IFERROR(INDEX(Auction!$A$5:$A$1000,SMALL(IF(Auction!$C$5:$C$1000=$A$1,ROW(Auction!$C$5:$C$1000)-ROW(Auction!$C$5)+1),ROWS($A$9:A48))),"")} | B48: {=IFERROR(INDEX(Auction!$B$5:$B$1000,SMALL(IF(Auction!$C$5:$C$1000=$A$1,ROW(Auction!$C$5:$C$1000)-ROW(Auction!$C$5)+1),ROWS($A$9:A48))),"")} | C48: =IFERROR(T(VLOOKUP($A48,Players!$A:$E,2,FALSE)),"") | D48: =IFERROR(T(VLOOKUP($A48,Players!$A:$E,3,FALSE)),"") | E48: =IFERROR(T(VLOOKUP($A48,Players!$A:$E,4,FALSE)),"") | F48: =IFERROR(T(VLOOKUP($A48,Players!$A:$E,5,FALSE)),"")

Sheet Kolkata Knight Riders
A1: =Balance!A7
A3: Purse (Cr) | B3: =Balance!B7
A4: Spent (Cr) | B4: =Balance!C7
A5: Balance (Cr) | B5: =Balance!D7
A6: Players | B6: =Balance!E7
A8: Player | B8: Price (Cr) | C8: Role | D8: Hand | E8: Country | F8: City
A9: {=IFERROR(INDEX(Auction!$A$5:$A$1000,SMALL(IF(Auction!$C$5:$C$1000=$A$1,ROW(Auction!$C$5:$C$1000)-ROW(Auction!$C$5)+1),ROWS($A$9:A9))),"")} | B9: {=IFERROR(INDEX(Auction!$B$5:$B$1000,SMALL(IF(Auction!$C$5:$C$1000=$A$1,ROW(Auction!$C$5:$C$1000)-ROW(Auction!$C$5)+1),ROWS($A$9:A9))),"")} | C9: =IFERROR(T(VLOOKUP($A9,Players!$A:$E,2,FALSE)),"") | D9: =IFERROR(T(VLOOKUP($A9,Players!$A:$E,3,FALSE)),"") | E9: =IFERROR(T(VLOOKUP($A9,Players!$A:$E,4,FALSE)),"") | F9: =IFERROR(T(VLOOKUP($A9,Players!$A:$E,5,FALSE)),"")
A10: {=IFERROR(INDEX(Auction!$A$5:$A$1000,SMALL(IF(Auction!$C$5:$C$1000=$A$1,ROW(Auction!$C$5:$C$1000)-ROW(Auction!$C$5)+1),ROWS($A$9:A10))),"")} | B10: {=IFERROR(INDEX(Auction!$B$5:$B$1000,SMALL(IF(Auction!$C$5:$C$1000=$A$1,ROW(Auction!$C$5:$C$1000)-ROW(Auction!$C$5)+1),ROWS($A$9:A10))),"")} | C10: =IFERROR(T(VLOOKUP($A10,Players!$A:$E,2,FALSE)),"") | D10: =IFERROR(T(VLOOKUP($A10,Players!$A:$E,3,FALSE)),"") | E10: =IFERROR(T(VLOOKUP($A10,Players!$A:$E,4,FALSE)),"") | F10: =IFERROR(T(VLOOKUP($A10,Players!$A:$E,5,FALSE)),"")
A11: {=IFERROR(INDEX(Auction!$A$5:$A$1000,SMALL(IF(Auction!$C$5:$C$1000=$A$1,ROW(Auction!$C$5:$C$1000)-ROW(Auction!$C$5)+1),ROWS($A$9:A11))),"")} | B11: {=IFERROR(INDEX(Auction!$B$5:$B$1000,SMALL(IF(Auction!$C$5:$C$1000=$A$1,ROW(Auction!$C$5:$C$1000)-ROW(Auction!$C$5)+1),ROWS($A$9:A11))),"")} | C11: =IFERROR(T(VLOOKUP($A11,Players!$A:$E,2,FALSE)),"") | D11: =IFERROR(T(VLOOKUP($A11,Players!$A:$E,3,FALSE)),"") | E11: =IFERROR(T(VLOOKUP($A11,Players!$A:$E,4,FALSE)),"") | F11: =IFERROR(T(VLOOKUP($A11,Players!$A:$E,5,FALSE)),"")
A12: {=IFERROR(INDEX(Auction!$A$5:$A$1000,SMALL(IF(Auction!$C$5:$C$1000=$A$1,ROW(Auction!$C$5:$C$1000)-ROW(Auction!$C$5)+1),ROWS($A$9:A12))),"")} | B12: {=IFERROR(INDEX(Auction!$B$5:$B$1000,SMALL(IF(Auction!$C$5:$C$1000=$A$1,ROW(Auction!$C$5:$C$1000)-ROW(Auction!$C$5)+1),ROWS($A$9:A12))),"")} | C12: =IFERROR(T(VLOOKUP($A12,Players!$A:$E,2,FALSE)),"") | D12: =IFERROR(T(VLOOKUP($A12,Players!$A:$E,3,FALSE)),"") | E12: =IFERROR(T(VLOOKUP($A12,Players!$A:$E,4,FALSE)),"") | F12: =IFERROR(T(VLOOKUP($A12,Players!$A:$E,5,FALSE)),"")
A13: {=IFERROR(INDEX(Auction!$A$5:$A$1000,SMALL(IF(Auction!$C$5:$C$1000=$A$1,ROW(Auction!$C$5:$C$1000)-ROW(Auction!$C$5)+1),ROWS($A$9:A13))),"")} | B13: {=IFERROR(INDEX(Auction!$B$5:$B$1000,SMALL(IF(Auction!$C$5:$C$1000=$A$1,ROW(Auction!$C$5:$C$1000)-ROW(Auction!$C$5)+1),ROWS($A$9:A13))),"")} | C13: =IFERROR(T(VLOOKUP($A13,Players!$A:$E,2,FALSE)),"") | D13: =IFERROR(T(VLOOKUP($A13,Players!$A:$E,3,FALSE)),"") | E13: =IFERROR(T(VLOOKUP($A13,Players!$A:$E,4,FALSE)),"") | F13: =IFERROR(T(VLOOKUP($A13,Players!$A:$E,5,FALSE)),"")
A14: {=IFERROR(INDEX(Auction!$A$5:$A$1000,SMALL(IF(Auction!$C$5:$C$1000=$A$1,ROW(Auction!$C$5:$C$1000)-ROW(Auction!$C$5)+1),ROWS($A$9:A14))),"")} | B14: {=IFERROR(INDEX(Auction!$B$5:$B$1000,SMALL(IF(Auction!$C$5:$C$1000=$A$1,ROW(Auction!$C$5:$C$1000)-ROW(Auction!$C$5)+1),ROWS($A$9:A14))),"")} | C14: =IFERROR(T(VLOOKUP($A14,Players!$A:$E,2,FALSE)),"") | D14: =IFERROR(T(VLOOKUP($A14,Players!$A:$E,3,FALSE)),"") | E14: =IFERROR(T(VLOOKUP($A14,Players!$A:$E,4,FALSE)),"") | F14: =IFERROR(T(VLOOKUP($A14,Players!$A:$E,5,FALSE)),"")
A15: {=IFERROR(INDEX(Auction!$A$5:$A$1000,SMALL(IF(Auction!$C$5:$C$1000=$A$1,ROW(Auction!$C$5:$C$1000)-ROW(Auction!$C$5)+1),ROWS($A$9:A15))),"")} | B15: {=IFERROR(INDEX(Auction!$B$5:$B$1000,SMALL(IF(Auction!$C$5:$C$1000=$A$1,ROW(Auction!$C$5:$C$1000)-ROW(Auction!$C$5)+1),ROWS($A$9:A15))),"")} | C15: =IFERROR(T(VLOOKUP($A15,Players!$A:$E,2,FALSE)),"") | D15: =IFERROR(T(VLOOKUP($A15,Players!$A:$E,3,FALSE)),"") | E15: =IFERROR(T(VLOOKUP($A15,Players!$A:$E,4,FALSE)),"") | F15: =IFERROR(T(VLOOKUP($A15,Players!$A:$E,5,FALSE)),"")
A16: {=IFERROR(INDEX(Auction!$A$5:$A$1000,SMALL(IF(Auction!$C$5:$C$1000=$A$1,ROW(Auction!$C$5:$C$1000)-ROW(Auction!$C$5)+1),ROWS($A$9:A16))),"")} | B16: {=IFERROR(INDEX(Auction!$B$5:$B$1000,SMALL(IF(Auction!$C$5:$C$1000=$A$1,ROW(Auction!$C$5:$C$1000)-ROW(Auction!$C$5)+1),ROWS($A$9:A16))),"")} | C16: =IFERROR(T(VLOOKUP($A16,Players!$A:$E,2,FALSE)),"") | D16: =IFERROR(T(VLOOKUP($A16,Players!$A:$E,3,FALSE)),"") | E16: =IFERROR(T(VLOOKUP($A16,Players!$A:$E,4,FALSE)),"") | F16: =IFERROR(T(VLOOKUP($A16,Players!$A:$E,5,FALSE)),"")
A17: {=IFERROR(INDEX(Auction!$A$5:$A$1000,SMALL(IF(Auction!$C$5:$C$1000=$A$1,ROW(Auction!$C$5:$C$1000)-ROW(Auction!$C$5)+1),ROWS($A$9:A17))),"")} | B17: {=IFERROR(INDEX(Auction!$B$5:$B$1000,SMALL(IF(Auction!$C$5:$C$1000=$A$1,ROW(Auction!$C$5:$C$1000)-ROW(Auction!$C$5)+1),ROWS($A$9:A17))),"")} | C17: =IFERROR(T(VLOOKUP($A17,Players!$A:$E,2,FALSE)),"") | D17: =IFERROR(T(VLOOKUP($A17,Players!$A:$E,3,FALSE)),"") | E17: =IFERROR(T(VLOOKUP($A17,Players!$A:$E,4,FALSE)),"") | F17: =IFERROR(T(VLOOKUP($A17,Players!$A:$E,5,FALSE)),"")
A18: {=IFERROR(INDEX(Auction!$A$5:$A$1000,SMALL(IF(Auction!$C$5:$C$1000=$A$1,ROW(Auction!$C$5:$C$1000)-ROW(Auction!$C$5)+1),ROWS($A$9:A18))),"")} | B18: {=IFERROR(INDEX(Auction!$B$5:$B$1000,SMALL(IF(Auction!$C$5:$C$1000=$A$1,ROW(Auction!$C$5:$C$1000)-ROW(Auction!$C$5)+1),ROWS($A$9:A18))),"")} | C18: =IFERROR(T(VLOOKUP($A18,Players!$A:$E,2,FALSE)),"") | D18: =IFERROR(T(VLOOKUP($A18,Players!$A:$E,3,FALSE)),"") | E18: =IFERROR(T(VLOOKUP($A18,Players!$A:$E,4,FALSE)),"") | F18: =IFERROR(T(VLOOKUP($A18,Players!$A:$E,5,FALSE)),"")
A19: {=IFERROR(INDEX(Auction!$A$5:$A$1000,SMALL(IF(Auction!$C$5:$C$1000=$A$1,ROW(Auction!$C$5:$C$1000)-ROW(Auction!$C$5)+1),ROWS($A$9:A19))),"")} | B19: {=IFERROR(INDEX(Auction!$B$5:$B$1000,SMALL(IF(Auction!$C$5:$C$1000=$A$1,ROW(Auction!$C$5:$C$1000)-ROW(Auction!$C$5)+1),ROWS($A$9:A19))),"")} | C19: =IFERROR(T(VLOOKUP($A19,Players!$A:$E,2,FALSE)),"") | D19: =IFERROR(T(VLOOKUP($A19,Players!$A:$E,3,FALSE)),"") | E19: =IFERROR(T(VLOOKUP($A19,Players!$A:$E,4,FALSE)),"") | F19: =IFERROR(T(VLOOKUP($A19,Players!$A:$E,5,FALSE)),"")
A20: {=IFERROR(INDEX(Auction!$A$5:$A$1000,SMALL(IF(Auction!$C$5:$C$1000=$A$1,ROW(Auction!$C$5:$C$1000)-ROW(Auction!$C$5)+1),ROWS($A$9:A20))),"")} | B20: {=IFERROR(INDEX(Auction!$B$5:$B$1000,SMALL(IF(Auction!$C$5:$C$1000=$A$1,ROW(Auction!$C$5:$C$1000)-ROW(Auction!$C$5)+1),ROWS($A$9:A20))),"")} | C20: =IFERROR(T(VLOOKUP($A20,Players!$A:$E,2,FALSE)),"") | D20: =IFERROR(T(VLOOKUP($A20,Players!$A:$E,3,FALSE)),"") | E20: =IFERROR(T(VLOOKUP($A20,Players!$A:$E,4,FALSE)),"") | F20: =IFERROR(T(VLOOKUP($A20,Players!$A:$E,5,FALSE)),"")
... A48: {=IFERROR(INDEX(Auction!$A$5:$A$1000,SMALL(IF(Auction!$C$5:$C$1000=$A$1,ROW(Auction!$C$5:$C$1000)-ROW(Auction!$C$5)+1),ROWS($A$9:A48))),"")} | B48: {=IFERROR(INDEX(Auction!$B$5:$B$1000,SMALL(IF(Auction!$C$5:$C$1000=$A$1,ROW(Auction!$C$5:$C$1000)-ROW(Auction!$C$5)+1),ROWS($A$9:A48))),"")} | C48: =IFERROR(T(VLOOKUP($A48,Players!$A:$E,2,FALSE)),"") | D48: =IFERROR(T(VLOOKUP($A48,Players!$A:$E,3,FALSE)),"") | E48: =IFERROR(T(VLOOKUP($A48,Players!$A:$E,4,FALSE)),"") | F48: =IFERROR(T(VLOOKUP($A48,Players!$A:$E,5,FALSE)),"")

Sheet Patna Panthers
A1: =Balance!A8
A3: Purse (Cr) | B3: =Balance!B8
A4: Spent (Cr) | B4: =Balance!C8
A5: Balance (Cr) | B5: =Balance!D8
A6: Players | B6: =Balance!E8
A8: Player | B8: Price (Cr) | C8: Role | D8: Hand | E8: Country | F8: City
A9: {=IFERROR(INDEX(Auction!$A$5:$A$1000,SMALL(IF(Auction!$C$5:$C$1000=$A$1,ROW(Auction!$C$5:$C$1000)-ROW(Auction!$C$5)+1),ROWS($A$9:A9))),"")} | B9: {=IFERROR(INDEX(Auction!$B$5:$B$1000,SMALL(IF(Auction!$C$5:$C$1000=$A$1,ROW(Auction!$C$5:$C$1000)-ROW(Auction!$C$5)+1),ROWS($A$9:A9))),"")} | C9: =IFERROR(T(VLOOKUP($A9,Players!$A:$E,2,FALSE)),"") | D9: =IFERROR(T(VLOOKUP($A9,Players!$A:$E,3,FALSE)),"") | E9: =IFERROR(T(VLOOKUP($A9,Players!$A:$E,4,FALSE)),"") | F9: =IFERROR(T(VLOOKUP($A9,Players!$A:$E,5,FALSE)),"")
A10: {=IFERROR(INDEX(Auction!$A$5:$A$1000,SMALL(IF(Auction!$C$5:$C$1000=$A$1,ROW(Auction!$C$5:$C$1000)-ROW(Auction!$C$5)+1),ROWS($A$9:A10))),"")} | B10: {=IFERROR(INDEX(Auction!$B$5:$B$1000,SMALL(IF(Auction!$C$5:$C$1000=$A$1,ROW(Auction!$C$5:$C$1000)-ROW(Auction!$C$5)+1),ROWS($A$9:A10))),"")} | C10: =IFERROR(T(VLOOKUP($A10,Players!$A:$E,2,FALSE)),"") | D10: =IFERROR(T(VLOOKUP($A10,Players!$A:$E,3,FALSE)),"") | E10: =IFERROR(T(VLOOKUP($A10,Players!$A:$E,4,FALSE)),"") | F10: =IFERROR(T(VLOOKUP($A10,Players!$A:$E,5,FALSE)),"")
A11: {=IFERROR(INDEX(Auction!$A$5:$A$1000,SMALL(IF(Auction!$C$5:$C$1000=$A$1,ROW(Auction!$C$5:$C$1000)-ROW(Auction!$C$5)+1),ROWS($A$9:A11))),"")} | B11: {=IFERROR(INDEX(Auction!$B$5:$B$1000,SMALL(IF(Auction!$C$5:$C$1000=$A$1,ROW(Auction!$C$5:$C$1000)-ROW(Auction!$C$5)+1),ROWS($A$9:A11))),"")} | C11: =IFERROR(T(VLOOKUP($A11,Players!$A:$E,2,FALSE)),"") | D11: =IFERROR(T(VLOOKUP($A11,Players!$A:$E,3,FALSE)),"") | E11: =IFERROR(T(VLOOKUP($A11,Players!$A:$E,4,FALSE)),"") | F11: =IFERROR(T(VLOOKUP($A11,Players!$A:$E,5,FALSE)),"")
A12: {=IFERROR(INDEX(Auction!$A$5:$A$1000,SMALL(IF(Auction!$C$5:$C$1000=$A$1,ROW(Auction!$C$5:$C$1000)-ROW(Auction!$C$5)+1),ROWS($A$9:A12))),"")} | B12: {=IFERROR(INDEX(Auction!$B$5:$B$1000,SMALL(IF(Auction!$C$5:$C$1000=$A$1,ROW(Auction!$C$5:$C$1000)-ROW(Auction!$C$5)+1),ROWS($A$9:A12))),"")} | C12: =IFERROR(T(VLOOKUP($A12,Players!$A:$E,2,FALSE)),"") | D12: =IFERROR(T(VLOOKUP($A12,Players!$A:$E,3,FALSE)),"") | E12: =IFERROR(T(VLOOKUP($A12,Players!$A:$E,4,FALSE)),"") | F12: =IFERROR(T(VLOOKUP($A12,Players!$A:$E,5,FALSE)),"")
A13: {=IFERROR(INDEX(Auction!$A$5:$A$1000,SMALL(IF(Auction!$C$5:$C$1000=$A$1,ROW(Auction!$C$5:$C$1000)-ROW(Auction!$C$5)+1),ROWS($A$9:A13))),"")} | B13: {=IFERROR(INDEX(Auction!$B$5:$B$1000,SMALL(IF(Auction!$C$5:$C$1000=$A$1,ROW(Auction!$C$5:$C$1000)-ROW(Auction!$C$5)+1),ROWS($A$9:A13))),"")} | C13: =IFERROR(T(VLOOKUP($A13,Players!$A:$E,2,FALSE)),"") | D13: =IFERROR(T(VLOOKUP($A13,Players!$A:$E,3,FALSE)),"") | E13: =IFERROR(T(VLOOKUP($A13,Players!$A:$E,4,FALSE)),"") | F13: =IFERROR(T(VLOOKUP($A13,Players!$A:$E,5,FALSE)),"")
A14: {=IFERROR(INDEX(Auction!$A$5:$A$1000,SMALL(IF(Auction!$C$5:$C$1000=$A$1,ROW(Auction!$C$5:$C$1000)-ROW(Auction!$C$5)+1),ROWS($A$9:A14))),"")} | B14: {=IFERROR(INDEX(Auction!$B$5:$B$1000,SMALL(IF(Auction!$C$5:$C$1000=$A$1,ROW(Auction!$C$5:$C$1000)-ROW(Auction!$C$5)+1),ROWS($A$9:A14))),"")} | C14: =IFERROR(T(VLOOKUP($A14,Players!$A:$E,2,FALSE)),"") | D14: =IFERROR(T(VLOOKUP($A14,Players!$A:$E,3,FALSE)),"") | E14: =IFERROR(T(VLOOKUP($A14,Players!$A:$E,4,FALSE)),"") | F14: =IFERROR(T(VLOOKUP($A14,Players!$A:$E,5,FALSE)),"")
A15: {=IFERROR(INDEX(Auction!$A$5:$A$1000,SMALL(IF(Auction!$C$5:$C$1000=$A$1,ROW(Auction!$C$5:$C$1000)-ROW(Auction!$C$5)+1),ROWS($A$9:A15))),"")} | B15: {=IFERROR(INDEX(Auction!$B$5:$B$1000,SMALL(IF(Auction!$C$5:$C$1000=$A$1,ROW(Auction!$C$5:$C$1000)-ROW(Auction!$C$5)+1),ROWS($A$9:A15))),"")} | C15: =IFERROR(T(VLOOKUP($A15,Players!$A:$E,2,FALSE)),"") | D15: =IFERROR(T(VLOOKUP($A15,Players!$A:$E,3,FALSE)),"") | E15: =IFERROR(T(VLOOKUP($A15,Players!$A:$E,4,FALSE)),"") | F15: =IFERROR(T(VLOOKUP($A15,Players!$A:$E,5,FALSE)),"")
A16: {=IFERROR(INDEX(Auction!$A$5:$A$1000,SMALL(IF(Auction!$C$5:$C$1000=$A$1,ROW(Auction!$C$5:$C$1000)-ROW(Auction!$C$5)+1),ROWS($A$9:A16))),"")} | B16: {=IFERROR(INDEX(Auction!$B$5:$B$1000,SMALL(IF(Auction!$C$5:$C$1000=$A$1,ROW(Auction!$C$5:$C$1000)-ROW(Auction!$C$5)+1),ROWS($A$9:A16))),"")} | C16: =IFERROR(T(VLOOKUP($A16,Players!$A:$E,2,FALSE)),"") | D16: =IFERROR(T(VLOOKUP($A16,Players!$A:$E,3,FALSE)),"") | E16: =IFERROR(T(VLOOKUP($A16,Players!$A:$E,4,FALSE)),"") | F16: =IFERROR(T(VLOOKUP($A16,Players!$A:$E,5,FALSE)),"")
A17: {=IFERROR(INDEX(Auction!$A$5:$A$1000,SMALL(IF(Auction!$C$5:$C$1000=$A$1,ROW(Auction!$C$5:$C$1000)-ROW(Auction!$C$5)+1),ROWS($A$9:A17))),"")} | B17: {=IFERROR(INDEX(Auction!$B$5:$B$1000,SMALL(IF(Auction!$C$5:$C$1000=$A$1,ROW(Auction!$C$5:$C$1000)-ROW(Auction!$C$5)+1),ROWS($A$9:A17))),"")} | C17: =IFERROR(T(VLOOKUP($A17,Players!$A:$E,2,FALSE)),"") | D17: =IFERROR(T(VLOOKUP($A17,Players!$A:$E,3,FALSE)),"") | E17: =IFERROR(T(VLOOKUP($A17,Players!$A:$E,4,FALSE)),"") | F17: =IFERROR(T(VLOOKUP($A17,Players!$A:$E,5,FALSE)),"")
A18: {=IFERROR(INDEX(Auction!$A$5:$A$1000,SMALL(IF(Auction!$C$5:$C$1000=$A$1,ROW(Auction!$C$5:$C$1000)-ROW(Auction!$C$5)+1),ROWS($A$9:A18))),"")} | B18: {=IFERROR(INDEX(Auction!$B$5:$B$1000,SMALL(IF(Auction!$C$5:$C$1000=$A$1,ROW(Auction!$C$5:$C$1000)-ROW(Auction!$C$5)+1),ROWS($A$9:A18))),"")} | C18: =IFERROR(T(VLOOKUP($A18,Players!$A:$E,2,FALSE)),"") | D18: =IFERROR(T(VLOOKUP($A18,Players!$A:$E,3,FALSE)),"") | E18: =IFERROR(T(VLOOKUP($A18,Players!$A:$E,4,FALSE)),"") | F18: =IFERROR(T(VLOOKUP($A18,Players!$A:$E,5,FALSE)),"")
A19: {=IFERROR(INDEX(Auction!$A$5:$A$1000,SMALL(IF(Auction!$C$5:$C$1000=$A$1,ROW(Auction!$C$5:$C$1000)-ROW(Auction!$C$5)+1),ROWS($A$9:A19))),"")} | B19: {=IFERROR(INDEX(Auction!$B$5:$B$1000,SMALL(IF(Auction!$C$5:$C$1000=$A$1,ROW(Auction!$C$5:$C$1000)-ROW(Auction!$C$5)+1),ROWS($A$9:A19))),"")} | C19: =IFERROR(T(VLOOKUP($A19,Players!$A:$E,2,FALSE)),"") | D19: =IFERROR(T(VLOOKUP($A19,Players!$A:$E,3,FALSE)),"") | E19: =IFERROR(T(VLOOKUP($A19,Players!$A:$E,4,FALSE)),"") | F19: =IFERROR(T(VLOOKUP($A19,Players!$A:$E,5,FALSE)),"")
A20: {=IFERROR(INDEX(Auction!$A$5:$A$1000,SMALL(IF(Auction!$C$5:$C$1000=$A$1,ROW(Auction!$C$5:$C$1000)-ROW(Auction!$C$5)+1),ROWS($A$9:A20))),"")} | B20: {=IFERROR(INDEX(Auction!$B$5:$B$1000,SMALL(IF(Auction!$C$5:$C$1000=$A$1,ROW(Auction!$C$5:$C$1000)-ROW(Auction!$C$5)+1),ROWS($A$9:A20))),"")} | C20: =IFERROR(T(VLOOKUP($A20,Players!$A:$E,2,FALSE)),"") | D20: =IFERROR(T(VLOOKUP($A20,Players!$A:$E,3,FALSE)),"") | E20: =IFERROR(T(VLOOKUP($A20,Players!$A:$E,4,FALSE)),"") | F20: =IFERROR(T(VLOOKUP($A20,Players!$A:$E,5,FALSE)),"")
... A48: {=IFERROR(INDEX(Auction!$A$5:$A$1000,SMALL(IF(Auction!$C$5:$C$1000=$A$1,ROW(Auction!$C$5:$C$1000)-ROW(Auction!$C$5)+1),ROWS($A$9:A48))),"")} | B48: {=IFERROR(INDEX(Auction!$B$5:$B$1000,SMALL(IF(Auction!$C$5:$C$1000=$A$1,ROW(Auction!$C$5:$C$1000)-ROW(Auction!$C$5)+1),ROWS($A$9:A48))),"")} | C48: =IFERROR(T(VLOOKUP($A48,Players!$A:$E,2,FALSE)),"") | D48: =IFERROR(T(VLOOKUP($A48,Players!$A:$E,3,FALSE)),"") | E48: =IFERROR(T(VLOOKUP($A48,Players!$A:$E,4,FALSE)),"") | F48: =IFERROR(T(VLOOKUP($A48,Players!$A:$E,5,FALSE)),"")

Sheet Sunrisers Hydrabad
A1: =Balance!A9
A3: Purse (Cr) | B3: =Balance!B9
A4: Spent (Cr) | B4: =Balance!C9
A5: Balance (Cr) | B5: =Balance!D9
A6: Players | B6: =Balance!E9
A8: Player | B8: Price (Cr) | C8: Role | D8: Hand | E8: Country | F8: City
A9: {=IFERROR(INDEX(Auction!$A$5:$A$1000,SMALL(IF(Auction!$C$5:$C$1000=$A$1,ROW(Auction!$C$5:$C$1000)-ROW(Auction!$C$5)+1),ROWS($A$9:A9))),"")} | B9: {=IFERROR(INDEX(Auction!$B$5:$B$1000,SMALL(IF(Auction!$C$5:$C$1000=$A$1,ROW(Auction!$C$5:$C$1000)-ROW(Auction!$C$5)+1),ROWS($A$9:A9))),"")} | C9: =IFERROR(T(VLOOKUP($A9,Players!$A:$E,2,FALSE)),"") | D9: =IFERROR(T(VLOOKUP($A9,Players!$A:$E,3,FALSE)),"") | E9: =IFERROR(T(VLOOKUP($A9,Players!$A:$E,4,FALSE)),"") | F9: =IFERROR(T(VLOOKUP($A9,Players!$A:$E,5,FALSE)),"")
A10: {=IFERROR(INDEX(Auction!$A$5:$A$1000,SMALL(IF(Auction!$C$5:$C$1000=$A$1,ROW(Auction!$C$5:$C$1000)-ROW(Auction!$C$5)+1),ROWS($A$9:A10))),"")} | B10: {=IFERROR(INDEX(Auction!$B$5:$B$1000,SMALL(IF(Auction!$C$5:$C$1000=$A$1,ROW(Auction!$C$5:$C$1000)-ROW(Auction!$C$5)+1),ROWS($A$9:A10))),"")} | C10: =IFERROR(T(VLOOKUP($A10,Players!$A:$E,2,FALSE)),"") | D10: =IFERROR(T(VLOOKUP($A10,Players!$A:$E,3,FALSE)),"") | E10: =IFERROR(T(VLOOKUP($A10,Players!$A:$E,4,FALSE)),"") | F10: =IFERROR(T(VLOOKUP($A10,Players!$A:$E,5,FALSE)),"")
A11: {=IFERROR(INDEX(Auction!$A$5:$A$1000,SMALL(IF(Auction!$C$5:$C$1000=$A$1,ROW(Auction!$C$5:$C$1000)-ROW(Auction!$C$5)+1),ROWS($A$9:A11))),"")} | B11: {=IFERROR(INDEX(Auction!$B$5:$B$1000,SMALL(IF(Auction!$C$5:$C$1000=$A$1,ROW(Auction!$C$5:$C$1000)-ROW(Auction!$C$5)+1),ROWS($A$9:A11))),"")} | C11: =IFERROR(T(VLOOKUP($A11,Players!$A:$E,2,FALSE)),"") | D11: =IFERROR(T(VLOOKUP($A11,Players!$A:$E,3,FALSE)),"") | E11: =IFERROR(T(VLOOKUP($A11,Players!$A:$E,4,FALSE)),"") | F11: =IFERROR(T(VLOOKUP($A11,Players!$A:$E,5,FALSE)),"")
A12: {=IFERROR(INDEX(Auction!$A$5:$A$1000,SMALL(IF(Auction!$C$5:$C$1000=$A$1,ROW(Auction!$C$5:$C$1000)-ROW(Auction!$C$5)+1),ROWS($A$9:A12))),"")} | B12: {=IFERROR(INDEX(Auction!$B$5:$B$1000,SMALL(IF(Auction!$C$5:$C$1000=$A$1,ROW(Auction!$C$5:$C$1000)-ROW(Auction!$C$5)+1),ROWS($A$9:A12))),"")} | C12: =IFERROR(T(VLOOKUP($A12,Players!$A:$E,2,FALSE)),"") | D12: =IFERROR(T(VLOOKUP($A12,Players!$A:$E,3,FALSE)),"") | E12: =IFERROR(T(VLOOKUP($A12,Players!$A:$E,4,FALSE)),"") | F12: =IFERROR(T(VLOOKUP($A12,Players!$A:$E,5,FALSE)),"")
A13: {=IFERROR(INDEX(Auction!$A$5:$A$1000,SMALL(IF(Auction!$C$5:$C$1000=$A$1,ROW(Auction!$C$5:$C$1000)-ROW(Auction!$C$5)+1),ROWS($A$9:A13))),"")} | B13: {=IFERROR(INDEX(Auction!$B$5:$B$1000,SMALL(IF(Auction!$C$5:$C$1000=$A$1,ROW(Auction!$C$5:$C$1000)-ROW(Auction!$C$5)+1),ROWS($A$9:A13))),"")} | C13: =IFERROR(T(VLOOKUP($A13,Players!$A:$E,2,FALSE)),"") | D13: =IFERROR(T(VLOOKUP($A13,Players!$A:$E,3,FALSE)),"") | E13: =IFERROR(T(VLOOKUP($A13,Players!$A:$E,4,FALSE)),"") | F13: =IFERROR(T(VLOOKUP($A13,Players!$A:$E,5,FALSE)),"")
A14: {=IFERROR(INDEX(Auction!$A$5:$A$1000,SMALL(IF(Auction!$C$5:$C$1000=$A$1,ROW(Auction!$C$5:$C$1000)-ROW(Auction!$C$5)+1),ROWS($A$9:A14))),"")} | B14: {=IFERROR(INDEX(Auction!$B$5:$B$1000,SMALL(IF(Auction!$C$5:$C$1000=$A$1,ROW(Auction!$C$5:$C$1000)-ROW(Auction!$C$5)+1),ROWS($A$9:A14))),"")} | C14: =IFERROR(T(VLOOKUP($A14,Players!$A:$E,2,FALSE)),"") | D14: =IFERROR(T(VLOOKUP($A14,Players!$A:$E,3,FALSE)),"") | E14: =IFERROR(T(VLOOKUP($A14,Players!$A:$E,4,FALSE)),"") | F14: =IFERROR(T(VLOOKUP($A14,Players!$A:$E,5,FALSE)),"")
A15: {=IFERROR(INDEX(Auction!$A$5:$A$1000,SMALL(IF(Auction!$C$5:$C$1000=$A$1,ROW(Auction!$C$5:$C$1000)-ROW(Auction!$C$5)+1),ROWS($A$9:A15))),"")} | B15: {=IFERROR(INDEX(Auction!$B$5:$B$1000,SMALL(IF(Auction!$C$5:$C$1000=$A$1,ROW(Auction!$C$5:$C$1000)-ROW(Auction!$C$5)+1),ROWS($A$9:A15))),"")} | C15: =IFERROR(T(VLOOKUP($A15,Players!$A:$E,2,FALSE)),"") | D15: =IFERROR(T(VLOOKUP($A15,Players!$A:$E,3,FALSE)),"") | E15: =IFERROR(T(VLOOKUP($A15,Players!$A:$E,4,FALSE)),"") | F15: =IFERROR(T(VLOOKUP($A15,Players!$A:$E,5,FALSE)),"")
A16: {=IFERROR(INDEX(Auction!$A$5:$A$1000,SMALL(IF(Auction!$C$5:$C$1000=$A$1,ROW(Auction!$C$5:$C$1000)-ROW(Auction!$C$5)+1),ROWS($A$9:A16))),"")} | B16: {=IFERROR(INDEX(Auction!$B$5:$B$1000,SMALL(IF(Auction!$C$5:$C$1000=$A$1,ROW(Auction!$C$5:$C$1000)-ROW(Auction!$C$5)+1),ROWS($A$9:A16))),"")} | C16: =IFERROR(T(VLOOKUP($A16,Players!$A:$E,2,FALSE)),"") | D16: =IFERROR(T(VLOOKUP($A16,Players!$A:$E,3,FALSE)),"") | E16: =IFERROR(T(VLOOKUP($A16,Players!$A:$E,4,FALSE)),"") | F16: =IFERROR(T(VLOOKUP($A16,Players!$A:$E,5,FALSE)),"")
A17: {=IFERROR(INDEX(Auction!$A$5:$A$1000,SMALL(IF(Auction!$C$5:$C$1000=$A$1,ROW(Auction!$C$5:$C$1000)-ROW(Auction!$C$5)+1),ROWS($A$9:A17))),"")} | B17: {=IFERROR(INDEX(Auction!$B$5:$B$1000,SMALL(IF(Auction!$C$5:$C$1000=$A$1,ROW(Auction!$C$5:$C$1000)-ROW(Auction!$C$5)+1),ROWS($A$9:A17))),"")} | C17: =IFERROR(T(VLOOKUP($A17,Players!$A:$E,2,FALSE)),"") | D17: =IFERROR(T(VLOOKUP($A17,Players!$A:$E,3,FALSE)),"") | E17: =IFERROR(T(VLOOKUP($A17,Players!$A:$E,4,FALSE)),"") | F17: =IFERROR(T(VLOOKUP($A17,Players!$A:$E,5,FALSE)),"")
A18: {=IFERROR(INDEX(Auction!$A$5:$A$1000,SMALL(IF(Auction!$C$5:$C$1000=$A$1,ROW(Auction!$C$5:$C$1000)-ROW(Auction!$C$5)+1),ROWS($A$9:A18))),"")} | B18: {=IFERROR(INDEX(Auction!$B$5:$B$1000,SMALL(IF(Auction!$C$5:$C$1000=$A$1,ROW(Auction!$C$5:$C$1000)-ROW(Auction!$C$5)+1),ROWS($A$9:A18))),"")} | C18: =IFERROR(T(VLOOKUP($A18,Players!$A:$E,2,FALSE)),"") | D18: =IFERROR(T(VLOOKUP($A18,Players!$A:$E,3,FALSE)),"") | E18: =IFERROR(T(VLOOKUP($A18,Players!$A:$E,4,FALSE)),"") | F18: =IFERROR(T(VLOOKUP($A18,Players!$A:$E,5,FALSE)),"")
A19: {=IFERROR(INDEX(Auction!$A$5:$A$1000,SMALL(IF(Auction!$C$5:$C$1000=$A$1,ROW(Auction!$C$5:$C$1000)-ROW(Auction!$C$5)+1),ROWS($A$9:A19))),"")} | B19: {=IFERROR(INDEX(Auction!$B$5:$B$1000,SMALL(IF(Auction!$C$5:$C$1000=$A$1,ROW(Auction!$C$5:$C$1000)-ROW(Auction!$C$5)+1),ROWS($A$9:A19))),"")} | C19: =IFERROR(T(VLOOKUP($A19,Players!$A:$E,2,FALSE)),"") | D19: =IFERROR(T(VLOOKUP($A19,Players!$A:$E,3,FALSE)),"") | E19: =IFERROR(T(VLOOKUP($A19,Players!$A:$E,4,FALSE)),"") | F19: =IFERROR(T(VLOOKUP($A19,Players!$A:$E,5,FALSE)),"")
A20: {=IFERROR(INDEX(Auction!$A$5:$A$1000,SMALL(IF(Auction!$C$5:$C$1000=$A$1,ROW(Auction!$C$5:$C$1000)-ROW(Auction!$C$5)+1),ROWS($A$9:A20))),"")} | B20: {=IFERROR(INDEX(Auction!$B$5:$B$1000,SMALL(IF(Auction!$C$5:$C$1000=$A$1,ROW(Auction!$C$5:$C$1000)-ROW(Auction!$C$5)+1),ROWS($A$9:A20))),"")} | C20: =IFERROR(T(VLOOKUP($A20,Players!$A:$E,2,FALSE)),"") | D20: =IFERROR(T(VLOOKUP($A20,Players!$A:$E,3,FALSE)),"") | E20: =IFERROR(T(VLOOKUP($A20,Players!$A:$E,4,FALSE)),"") | F20: =IFERROR(T(VLOOKUP($A20,Players!$A:$E,5,FALSE)),"")
... A48: {=IFERROR(INDEX(Auction!$A$5:$A$1000,SMALL(IF(Auction!$C$5:$C$1000=$A$1,ROW(Auction!$C$5:$C$1000)-ROW(Auction!$C$5)+1),ROWS($A$9:A48))),"")} | B48: {=IFERROR(INDEX(Auction!$B$5:$B$1000,SMALL(IF(Auction!$C$5:$C$1000=$A$1,ROW(Auction!$C$5:$C$1000)-ROW(Auction!$C$5)+1),ROWS($A$9:A48))),"")} | C48: =IFERROR(T(VLOOKUP($A48,Players!$A:$E,2,FALSE)),"") | D48: =IFERROR(T(VLOOKUP($A48,Players!$A:$E,3,FALSE)),"") | E48: =IFERROR(T(VLOOKUP($A48,Players!$A:$E,4,FALSE)),"") | F48: =IFERROR(T(VLOOKUP($A48,Players!$A:$E,5,FALSE)),"")

Sheet Delhi Capitals
A1: =Balance!A10
A3: Purse (Cr) | B3: =Balance!B10
A4: Spent (Cr) | B4: =Balance!C10
A5: Balance (Cr) | B5: =Balance!D10
A6: Players | B6: =Balance!E10
A8: Player | B8: Price (Cr) | C8: Role | D8: Hand | E8: Country | F8: City
A9: {=IFERROR(INDEX(Auction!$A$5:$A$1000,SMALL(IF(Auction!$C$5:$C$1000=$A$1,ROW(Auction!$C$5:$C$1000)-ROW(Auction!$C$5)+1),ROWS($A$9:A9))),"")} | B9: {=IFERROR(INDEX(Auction!$B$5:$B$1000,SMALL(IF(Auction!$C$5:$C$1000=$A$1,ROW(Auction!$C$5:$C$1000)-ROW(Auction!$C$5)+1),ROWS($A$9:A9))),"")} | C9: =IFERROR(T(VLOOKUP($A9,Players!$A:$E,2,FALSE)),"") | D9: =IFERROR(T(VLOOKUP($A9,Players!$A:$E,3,FALSE)),"") | E9: =IFERROR(T(VLOOKUP($A9,Players!$A:$E,4,FALSE)),"") | F9: =IFERROR(T(VLOOKUP($A9,Players!$A:$E,5,FALSE)),"")
A10: {=IFERROR(INDEX(Auction!$A$5:$A$1000,SMALL(IF(Auction!$C$5:$C$1000=$A$1,ROW(Auction!$C$5:$C$1000)-ROW(Auction!$C$5)+1),ROWS($A$9:A10))),"")} | B10: {=IFERROR(INDEX(Auction!$B$5:$B$1000,SMALL(IF(Auction!$C$5:$C$1000=$A$1,ROW(Auction!$C$5:$C$1000)-ROW(Auction!$C$5)+1),ROWS($A$9:A10))),"")} | C10: =IFERROR(T(VLOOKUP($A10,Players!$A:$E,2,FALSE)),"") | D10: =IFERROR(T(VLOOKUP($A10,Players!$A:$E,3,FALSE)),"") | E10: =IFERROR(T(VLOOKUP($A10,Players!$A:$E,4,FALSE)),"") | F10: =IFERROR(T(VLOOKUP($A10,Players!$A:$E,5,FALSE)),"")
A11: {=IFERROR(INDEX(Auction!$A$5:$A$1000,SMALL(IF(Auction!$C$5:$C$1000=$A$1,ROW(Auction!$C$5:$C$1000)-ROW(Auction!$C$5)+1),ROWS($A$9:A11))),"")} | B11: {=IFERROR(INDEX(Auction!$B$5:$B$1000,SMALL(IF(Auction!$C$5:$C$1000=$A$1,ROW(Auction!$C$5:$C$1000)-ROW(Auction!$C$5)+1),ROWS($A$9:A11))),"")} | C11: =IFERROR(T(VLOOKUP($A11,Players!$A:$E,2,FALSE)),"") | D11: =IFERROR(T(VLOOKUP($A11,Players!$A:$E,3,FALSE)),"") | E11: =IFERROR(T(VLOOKUP($A11,Players!$A:$E,4,FALSE)),"") | F11: =IFERROR(T(VLOOKUP($A11,Players!$A:$E,5,FALSE)),"")
A12: {=IFERROR(INDEX(Auction!$A$5:$A$1000,SMALL(IF(Auction!$C$5:$C$1000=$A$1,ROW(Auction!$C$5:$C$1000)-ROW(Auction!$C$5)+1),ROWS($A$9:A12))),"")} | B12: {=IFERROR(INDEX(Auction!$B$5:$B$1000,SMALL(IF(Auction!$C$5:$C$1000=$A$1,ROW(Auction!$C$5:$C$1000)-ROW(Auction!$C$5)+1),ROWS($A$9:A12))),"")} | C12: =IFERROR(T(VLOOKUP($A12,Players!$A:$E,2,FALSE)),"") | D12: =IFERROR(T(VLOOKUP($A12,Players!$A:$E,3,FALSE)),"") | E12: =IFERROR(T(VLOOKUP($A12,Players!$A:$E,4,FALSE)),"") | F12: =IFERROR(T(VLOOKUP($A12,Players!$A:$E,5,FALSE)),"")
A13: {=IFERROR(INDEX(Auction!$A$5:$A$1000,SMALL(IF(Auction!$C$5:$C$1000=$A$1,ROW(Auction!$C$5:$C$1000)-ROW(Auction!$C$5)+1),ROWS($A$9:A13))),"")} | B13: {=IFERROR(INDEX(Auction!$B$5:$B$1000,SMALL(IF(Auction!$C$5:$C$1000=$A$1,ROW(Auction!$C$5:$C$1000)-ROW(Auction!$C$5)+1),ROWS($A$9:A13))),"")} | C13: =IFERROR(T(VLOOKUP($A13,Players!$A:$E,2,FALSE)),"") | D13: =IFERROR(T(VLOOKUP($A13,Players!$A:$E,3,FALSE)),"") | E13: =IFERROR(T(VLOOKUP($A13,Players!$A:$E,4,FALSE)),"") | F13: =IFERROR(T(VLOOKUP($A13,Players!$A:$E,5,FALSE)),"")
A14: {=IFERROR(INDEX(Auction!$A$5:$A$1000,SMALL(IF(Auction!$C$5:$C$1000=$A$1,ROW(Auction!$C$5:$C$1000)-ROW(Auction!$C$5)+1),ROWS($A$9:A14))),"")} | B14: {=IFERROR(INDEX(Auction!$B$5:$B$1000,SMALL(IF(Auction!$C$5:$C$1000=$A$1,ROW(Auction!$C$5:$C$1000)-ROW(Auction!$C$5)+1),ROWS($A$9:A14))),"")} | C14: =IFERROR(T(VLOOKUP($A14,Players!$A:$E,2,FALSE)),"") | D14: =IFERROR(T(VLOOKUP($A14,Players!$A:$E,3,FALSE)),"") | E14: =IFERROR(T(VLOOKUP($A14,Players!$A:$E,4,FALSE)),"") | F14: =IFERROR(T(VLOOKUP($A14,Players!$A:$E,5,FALSE)),"")
A15: {=IFERROR(INDEX(Auction!$A$5:$A$1000,SMALL(IF(Auction!$C$5:$C$1000=$A$1,ROW(Auction!$C$5:$C$1000)-ROW(Auction!$C$5)+1),ROWS($A$9:A15))),"")} | B15: {=IFERROR(INDEX(Auction!$B$5:$B$1000,SMALL(IF(Auction!$C$5:$C$1000=$A$1,ROW(Auction!$C$5:$C$1000)-ROW(Auction!$C$5)+1),ROWS($A$9:A15))),"")} | C15: =IFERROR(T(VLOOKUP($A15,Players!$A:$E,2,FALSE)),"") | D15: =IFERROR(T(VLOOKUP($A15,Players!$A:$E,3,FALSE)),"") | E15: =IFERROR(T(VLOOKUP($A15,Players!$A:$E,4,FALSE)),"") | F15: =IFERROR(T(VLOOKUP($A15,Players!$A:$E,5,FALSE)),"")
A16: {=IFERROR(INDEX(Auction!$A$5:$A$1000,SMALL(IF(Auction!$C$5:$C$1000=$A$1,ROW(Auction!$C$5:$C$1000)-ROW(Auction!$C$5)+1),ROWS($A$9:A16))),"")} | B16: {=IFERROR(INDEX(Auction!$B$5:$B$1000,SMALL(IF(Auction!$C$5:$C$1000=$A$1,ROW(Auction!$C$5:$C$1000)-ROW(Auction!$C$5)+1),ROWS($A$9:A16))),"")} | C16: =IFERROR(T(VLOOKUP($A16,Players!$A:$E,2,FALSE)),"") | D16: =IFERROR(T(VLOOKUP($A16,Players!$A:$E,3,FALSE)),"") | E16: =IFERROR(T(VLOOKUP($A16,Players!$A:$E,4,FALSE)),"") | F16: =IFERROR(T(VLOOKUP($A16,Players!$A:$E,5,FALSE)),"")
A17: {=IFERROR(INDEX(Auction!$A$5:$A$1000,SMALL(IF(Auction!$C$5:$C$1000=$A$1,ROW(Auction!$C$5:$C$1000)-ROW(Auction!$C$5)+1),ROWS($A$9:A17))),"")} | B17: {=IFERROR(INDEX(Auction!$B$5:$B$1000,SMALL(IF(Auction!$C$5:$C$1000=$A$1,ROW(Auction!$C$5:$C$1000)-ROW(Auction!$C$5)+1),ROWS($A$9:A17))),"")} | C17: =IFERROR(T(VLOOKUP($A17,Players!$A:$E,2,FALSE)),"") | D17: =IFERROR(T(VLOOKUP($A17,Players!$A:$E,3,FALSE)),"") | E17: =IFERROR(T(VLOOKUP($A17,Players!$A:$E,4,FALSE)),"") | F17: =IFERROR(T(VLOOKUP($A17,Players!$A:$E,5,FALSE)),"")
A18: {=IFERROR(INDEX(Auction!$A$5:$A$1000,SMALL(IF(Auction!$C$5:$C$1000=$A$1,ROW(Auction!$C$5:$C$1000)-ROW(Auction!$C$5)+1),ROWS($A$9:A18))),"")} | B18: {=IFERROR(INDEX(Auction!$B$5:$B$1000,SMALL(IF(Auction!$C$5:$C$1000=$A$1,ROW(Auction!$C$5:$C$1000)-ROW(Auction!$C$5)+1),ROWS($A$9:A18))),"")} | C18: =IFERROR(T(VLOOKUP($A18,Players!$A:$E,2,FALSE)),"") | D18: =IFERROR(T(VLOOKUP($A18,Players!$A:$E,3,FALSE)),"") | E18: =IFERROR(T(VLOOKUP($A18,Players!$A:$E,4,FALSE)),"") | F18: =IFERROR(T(VLOOKUP($A18,Players!$A:$E,5,FALSE)),"")
A19: {=IFERROR(INDEX(Auction!$A$5:$A$1000,SMALL(IF(Auction!$C$5:$C$1000=$A$1,ROW(Auction!$C$5:$C$1000)-ROW(Auction!$C$5)+1),ROWS($A$9:A19))),"")} | B19: {=IFERROR(INDEX(Auction!$B$5:$B$1000,SMALL(IF(Auction!$C$5:$C$1000=$A$1,ROW(Auction!$C$5:$C$1000)-ROW(Auction!$C$5)+1),ROWS($A$9:A19))),"")} | C19: =IFERROR(T(VLOOKUP($A19,Players!$A:$E,2,FALSE)),"") | D19: =IFERROR(T(VLOOKUP($A19,Players!$A:$E,3,FALSE)),"") | E19: =IFERROR(T(VLOOKUP($A19,Players!$A:$E,4,FALSE)),"") | F19: =IFERROR(T(VLOOKUP($A19,Players!$A:$E,5,FALSE)),"")
A20: {=IFERROR(INDEX(Auction!$A$5:$A$1000,SMALL(IF(Auction!$C$5:$C$1000=$A$1,ROW(Auction!$C$5:$C$1000)-ROW(Auction!$C$5)+1),ROWS($A$9:A20))),"")} | B20: {=IFERROR(INDEX(Auction!$B$5:$B$1000,SMALL(IF(Auction!$C$5:$C$1000=$A$1,ROW(Auction!$C$5:$C$1000)-ROW(Auction!$C$5)+1),ROWS($A$9:A20))),"")} | C20: =IFERROR(T(VLOOKUP($A20,Players!$A:$E,2,FALSE)),"") | D20: =IFERROR(T(VLOOKUP($A20,Players!$A:$E,3,FALSE)),"") | E20: =IFERROR(T(VLOOKUP($A20,Players!$A:$E,4,FALSE)),"") | F20: =IFERROR(T(VLOOKUP($A20,Players!$A:$E,5,FALSE)),"")
... A48: {=IFERROR(INDEX(Auction!$A$5:$A$1000,SMALL(IF(Auction!$C$5:$C$1000=$A$1,ROW(Auction!$C$5:$C$1000)-ROW(Auction!$C$5)+1),ROWS($A$9:A48))),"")} | B48: {=IFERROR(INDEX(Auction!$B$5:$B$1000,SMALL(IF(Auction!$C$5:$C$1000=$A$1,ROW(Auction!$C$5:$C$1000)-ROW(Auction!$C$5)+1),ROWS($A$9:A48))),"")} | C48: =IFERROR(T(VLOOKUP($A48,Players!$A:$E,2,FALSE)),"") | D48: =IFERROR(T(VLOOKUP($A48,Players!$A:$E,3,FALSE)),"") | E48: =IFERROR(T(VLOOKUP($A48,Players!$A:$E,4,FALSE)),"") | F48: =IFERROR(T(VLOOKUP($A48,Players!$A:$E,5,FALSE)),"")

Sheet Gujarat Titans
A1: =Balance!A11
A3: Purse (Cr) | B3: =Balance!B11
A4: Spent (Cr) | B4: =Balance!C11
A5: Balance (Cr) | B5: =Balance!D11
A6: Players | B6: =Balance!E11
A8: Player | B8: Price (Cr) | C8: Role | D8: Hand | E8: Country | F8: City
A9: {=IFERROR(INDEX(Auction!$A$5:$A$1000,SMALL(IF(Auction!$C$5:$C$1000=$A$1,ROW(Auction!$C$5:$C$1000)-ROW(Auction!$C$5)+1),ROWS($A$9:A9))),"")} | B9: {=IFERROR(INDEX(Auction!$B$5:$B$1000,SMALL(IF(Auction!$C$5:$C$1000=$A$1,ROW(Auction!$C$5:$C$1000)-ROW(Auction!$C$5)+1),ROWS($A$9:A9))),"")} | C9: =IFERROR(T(VLOOKUP($A9,Players!$A:$E,2,FALSE)),"") | D9: =IFERROR(T(VLOOKUP($A9,Players!$A:$E,3,FALSE)),"") | E9: =IFERROR(T(VLOOKUP($A9,Players!$A:$E,4,FALSE)),"") | F9: =IFERROR(T(VLOOKUP($A9,Players!$A:$E,5,FALSE)),"")
A10: {=IFERROR(INDEX(Auction!$A$5:$A$1000,SMALL(IF(Auction!$C$5:$C$1000=$A$1,ROW(Auction!$C$5:$C$1000)-ROW(Auction!$C$5)+1),ROWS($A$9:A10))),"")} | B10: {=IFERROR(INDEX(Auction!$B$5:$B$1000,SMALL(IF(Auction!$C$5:$C$1000=$A$1,ROW(Auction!$C$5:$C$1000)-ROW(Auction!$C$5)+1),ROWS($A$9:A10))),"")} | C10: =IFERROR(T(VLOOKUP($A10,Players!$A:$E,2,FALSE)),"") | D10: =IFERROR(T(VLOOKUP($A10,Players!$A:$E,3,FALSE)),"") | E10: =IFERROR(T(VLOOKUP($A10,Players!$A:$E,4,FALSE)),"") | F10: =IFERROR(T(VLOOKUP($A10,Players!$A:$E,5,FALSE)),"")
A11: {=IFERROR(INDEX(Auction!$A$5:$A$1000,SMALL(IF(Auction!$C$5:$C$1000=$A$1,ROW(Auction!$C$5:$C$1000)-ROW(Auction!$C$5)+1),ROWS($A$9:A11))),"")} | B11: {=IFERROR(INDEX(Auction!$B$5:$B$1000,SMALL(IF(Auction!$C$5:$C$1000=$A$1,ROW(Auction!$C$5:$C$1000)-ROW(Auction!$C$5)+1),ROWS($A$9:A11))),"")} | C11: =IFERROR(T(VLOOKUP($A11,Players!$A:$E,2,FALSE)),"") | D11: =IFERROR(T(VLOOKUP($A11,Players!$A:$E,3,FALSE)),"") | E11: =IFERROR(T(VLOOKUP($A11,Players!$A:$E,4,FALSE)),"") | F11: =IFERROR(T(VLOOKUP($A11,Players!$A:$E,5,FALSE)),"")
A12: {=IFERROR(INDEX(Auction!$A$5:$A$1000,SMALL(IF(Auction!$C$5:$C$1000=$A$1,ROW(Auction!$C$5:$C$1000)-ROW(Auction!$C$5)+1),ROWS($A$9:A12))),"")} | B12: {=IFERROR(INDEX(Auction!$B$5:$B$1000,SMALL(IF(Auction!$C$5:$C$1000=$A$1,ROW(Auction!$C$5:$C$1000)-ROW(Auction!$C$5)+1),ROWS($A$9:A12))),"")} | C12: =IFERROR(T(VLOOKUP($A12,Players!$A:$E,2,FALSE)),"") | D12: =IFERROR(T(VLOOKUP($A12,Players!$A:$E,3,FALSE)),"") | E12: =IFERROR(T(VLOOKUP($A12,Players!$A:$E,4,FALSE)),"") | F12: =IFERROR(T(VLOOKUP($A12,Players!$A:$E,5,FALSE)),"")
A13: {=IFERROR(INDEX(Auction!$A$5:$A$1000,SMALL(IF(Auction!$C$5:$C$1000=$A$1,ROW(Auction!$C$5:$C$1000)-ROW(Auction!$C$5)+1),ROWS($A$9:A13))),"")} | B13: {=IFERROR(INDEX(Auction!$B$5:$B$1000,SMALL(IF(Auction!$C$5:$C$1000=$A$1,ROW(Auction!$C$5:$C$1000)-ROW(Auction!$C$5)+1),ROWS($A$9:A13))),"")} | C13: =IFERROR(T(VLOOKUP($A13,Players!$A:$E,2,FALSE)),"") | D13: =IFERROR(T(VLOOKUP($A13,Players!$A:$E,3,FALSE)),"") | E13: =IFERROR(T(VLOOKUP($A13,Players!$A:$E,4,FALSE)),"") | F13: =IFERROR(T(VLOOKUP($A13,Players!$A:$E,5,FALSE)),"")
A14: {=IFERROR(INDEX(Auction!$A$5:$A$1000,SMALL(IF(Auction!$C$5:$C$1000=$A$1,ROW(Auction!$C$5:$C$1000)-ROW(Auction!$C$5)+1),ROWS($A$9:A14))),"")} | B14: {=IFERROR(INDEX(Auction!$B$5:$B$1000,SMALL(IF(Auction!$C$5:$C$1000=$A$1,ROW(Auction!$C$5:$C$1000)-ROW(Auction!$C$5)+1),ROWS($A$9:A14))),"")} | C14: =IFERROR(T(VLOOKUP($A14,Players!$A:$E,2,FALSE)),"") | D14: =IFERROR(T(VLOOKUP($A14,Players!$A:$E,3,FALSE)),"") | E14: =IFERROR(T(VLOOKUP($A14,Players!$A:$E,4,FALSE)),"") | F14: =IFERROR(T(VLOOKUP($A14,Players!$A:$E,5,FALSE)),"")
A15: {=IFERROR(INDEX(Auction!$A$5:$A$1000,SMALL(IF(Auction!$C$5:$C$1000=$A$1,ROW(Auction!$C$5:$C$1000)-ROW(Auction!$C$5)+1),ROWS($A$9:A15))),"")} | B15: {=IFERROR(INDEX(Auction!$B$5:$B$1000,SMALL(IF(Auction!$C$5:$C$1000=$A$1,ROW(Auction!$C$5:$C$1000)-ROW(Auction!$C$5)+1),ROWS($A$9:A15))),"")} | C15: =IFERROR(T(VLOOKUP($A15,Players!$A:$E,2,FALSE)),"") | D15: =IFERROR(T(VLOOKUP($A15,Players!$A:$E,3,FALSE)),"") | E15: =IFERROR(T(VLOOKUP($A15,Players!$A:$E,4,FALSE)),"") | F15: =IFERROR(T(VLOOKUP($A15,Players!$A:$E,5,FALSE)),"")
A16: {=IFERROR(INDEX(Auction!$A$5:$A$1000,SMALL(IF(Auction!$C$5:$C$1000=$A$1,ROW(Auction!$C$5:$C$1000)-ROW(Auction!$C$5)+1),ROWS($A$9:A16))),"")} | B16: {=IFERROR(INDEX(Auction!$B$5:$B$1000,SMALL(IF(Auction!$C$5:$C$1000=$A$1,ROW(Auction!$C$5:$C$1000)-ROW(Auction!$C$5)+1),ROWS($A$9:A16))),"")} | C16: =IFERROR(T(VLOOKUP($A16,Players!$A:$E,2,FALSE)),"") | D16: =IFERROR(T(VLOOKUP($A16,Players!$A:$E,3,FALSE)),"") | E16: =IFERROR(T(VLOOKUP($A16,Players!$A:$E,4,FALSE)),"") | F16: =IFERROR(T(VLOOKUP($A16,Players!$A:$E,5,FALSE)),"")
A17: {=IFERROR(INDEX(Auction!$A$5:$A$1000,SMALL(IF(Auction!$C$5:$C$1000=$A$1,ROW(Auction!$C$5:$C$1000)-ROW(Auction!$C$5)+1),ROWS($A$9:A17))),"")} | B17: {=IFERROR(INDEX(Auction!$B$5:$B$1000,SMALL(IF(Auction!$C$5:$C$1000=$A$1,ROW(Auction!$C$5:$C$1000)-ROW(Auction!$C$5)+1),ROWS($A$9:A17))),"")} | C17: =IFERROR(T(VLOOKUP($A17,Players!$A:$E,2,FALSE)),"") | D17: =IFERROR(T(VLOOKUP($A17,Players!$A:$E,3,FALSE)),"") | E17: =IFERROR(T(VLOOKUP($A17,Players!$A:$E,4,FALSE)),"") | F17: =IFERROR(T(VLOOKUP($A17,Players!$A:$E,5,FALSE)),"")
A18: {=IFERROR(INDEX(Auction!$A$5:$A$1000,SMALL(IF(Auction!$C$5:$C$1000=$A$1,ROW(Auction!$C$5:$C$1000)-ROW(Auction!$C$5)+1),ROWS($A$9:A18))),"")} | B18: {=IFERROR(INDEX(Auction!$B$5:$B$1000,SMALL(IF(Auction!$C$5:$C$1000=$A$1,ROW(Auction!$C$5:$C$1000)-ROW(Auction!$C$5)+1),ROWS($A$9:A18))),"")} | C18: =IFERROR(T(VLOOKUP($A18,Players!$A:$E,2,FALSE)),"") | D18: =IFERROR(T(VLOOKUP($A18,Players!$A:$E,3,FALSE)),"") | E18: =IFERROR(T(VLOOKUP($A18,Players!$A:$E,4,FALSE)),"") | F18: =IFERROR(T(VLOOKUP($A18,Players!$A:$E,5,FALSE)),"")
A19: {=IFERROR(INDEX(Auction!$A$5:$A$1000,SMALL(IF(Auction!$C$5:$C$1000=$A$1,ROW(Auction!$C$5:$C$1000)-ROW(Auction!$C$5)+1),ROWS($A$9:A19))),"")} | B19: {=IFERROR(INDEX(Auction!$B$5:$B$1000,SMALL(IF(Auction!$C$5:$C$1000=$A$1,ROW(Auction!$C$5:$C$1000)-ROW(Auction!$C$5)+1),ROWS($A$9:A19))),"")} | C19: =IFERROR(T(VLOOKUP($A19,Players!$A:$E,2,FALSE)),"") | D19: =IFERROR(T(VLOOKUP($A19,Players!$A:$E,3,FALSE)),"") | E19: =IFERROR(T(VLOOKUP($A19,Players!$A:$E,4,FALSE)),"") | F19: =IFERROR(T(VLOOKUP($A19,Players!$A:$E,5,FALSE)),"")
A20: {=IFERROR(INDEX(Auction!$A$5:$A$1000,SMALL(IF(Auction!$C$5:$C$1000=$A$1,ROW(Auction!$C$5:$C$1000)-ROW(Auction!$C$5)+1),ROWS($A$9:A20))),"")} | B20: {=IFERROR(INDEX(Auction!$B$5:$B$1000,SMALL(IF(Auction!$C$5:$C$1000=$A$1,ROW(Auction!$C$5:$C$1000)-ROW(Auction!$C$5)+1),ROWS($A$9:A20))),"")} | C20: =IFERROR(T(VLOOKUP($A20,Players!$A:$E,2,FALSE)),"") | D20: =IFERROR(T(VLOOKUP($A20,Players!$A:$E,3,FALSE)),"") | E20: =IFERROR(T(VLOOKUP($A20,Players!$A:$E,4,FALSE)),"") | F20: =IFERROR(T(VLOOKUP($A20,Players!$A:$E,5,FALSE)),"")
... A48: {=IFERROR(INDEX(Auction!$A$5:$A$1000,SMALL(IF(Auction!$C$5:$C$1000=$A$1,ROW(Auction!$C$5:$C$1000)-ROW(Auction!$C$5)+1),ROWS($A$9:A48))),"")} | B48: {=IFERROR(INDEX(Auction!$B$5:$B$1000,SMALL(IF(Auction!$C$5:$C$1000=$A$1,ROW(Auction!$C$5:$C$1000)-ROW(Auction!$C$5)+1),ROWS($A$9:A48))),"")} | C48: =IFERROR(T(VLOOKUP($A48,Players!$A:$E,2,FALSE)),"") | D48: =IFERROR(T(VLOOKUP($A48,Players!$A:$E,3,FALSE)),"") | E48: =IFERROR(T(VLOOKUP($A48,Players!$A:$E,4,FALSE)),"") | F48: =IFERROR(T(VLOOKUP($A48,Players!$A:$E,5,FALSE)),"")

Sheet Lucknow Super Giants
A1: =Balance!A12
A3: Purse (Cr) | B3: =Balance!B12
A4: Spent (Cr) | B4: =Balance!C12
A5: Balance (Cr) | B5: =Balance!D12
A6: Players | B6: =Balance!E12
A8: Player | B8: Price (Cr) | C8: Role | D8: Hand | E8: Country | F8: City
A9: {=IFERROR(INDEX(Auction!$A$5:$A$1000,SMALL(IF(Auction!$C$5:$C$1000=$A$1,ROW(Auction!$C$5:$C$1000)-ROW(Auction!$C$5)+1),ROWS($A$9:A9))),"")} | B9: {=IFERROR(INDEX(Auction!$B$5:$B$1000,SMALL(IF(Auction!$C$5:$C$1000=$A$1,ROW(Auction!$C$5:$C$1000)-ROW(Auction!$C$5)+1),ROWS($A$9:A9))),"")} | C9: =IFERROR(T(VLOOKUP($A9,Players!$A:$E,2,FALSE)),"") | D9: =IFERROR(T(VLOOKUP($A9,Players!$A:$E,3,FALSE)),"") | E9: =IFERROR(T(VLOOKUP($A9,Players!$A:$E,4,FALSE)),"") | F9: =IFERROR(T(VLOOKUP($A9,Players!$A:$E,5,FALSE)),"")
A10: {=IFERROR(INDEX(Auction!$A$5:$A$1000,SMALL(IF(Auction!$C$5:$C$1000=$A$1,ROW(Auction!$C$5:$C$1000)-ROW(Auction!$C$5)+1),ROWS($A$9:A10))),"")} | B10: {=IFERROR(INDEX(Auction!$B$5:$B$1000,SMALL(IF(Auction!$C$5:$C$1000=$A$1,ROW(Auction!$C$5:$C$1000)-ROW(Auction!$C$5)+1),ROWS($A$9:A10))),"")} | C10: =IFERROR(T(VLOOKUP($A10,Players!$A:$E,2,FALSE)),"") | D10: =IFERROR(T(VLOOKUP($A10,Players!$A:$E,3,FALSE)),"") | E10: =IFERROR(T(VLOOKUP($A10,Players!$A:$E,4,FALSE)),"") | F10: =IFERROR(T(VLOOKUP($A10,Players!$A:$E,5,FALSE)),"")
A11: {=IFERROR(INDEX(Auction!$A$5:$A$1000,SMALL(IF(Auction!$C$5:$C$1000=$A$1,ROW(Auction!$C$5:$C$1000)-ROW(Auction!$C$5)+1),ROWS($A$9:A11))),"")} | B11: {=IFERROR(INDEX(Auction!$B$5:$B$1000,SMALL(IF(Auction!$C$5:$C$1000=$A$1,ROW(Auction!$C$5:$C$1000)-ROW(Auction!$C$5)+1),ROWS($A$9:A11))),"")} | C11: =IFERROR(T(VLOOKUP($A11,Players!$A:$E,2,FALSE)),"") | D11: =IFERROR(T(VLOOKUP($A11,Players!$A:$E,3,FALSE)),"") | E11: =IFERROR(T(VLOOKUP($A11,Players!$A:$E,4,FALSE)),"") | F11: =IFERROR(T(VLOOKUP($A11,Players!$A:$E,5,FALSE)),"")
A12: {=IFERROR(INDEX(Auction!$A$5:$A$1000,SMALL(IF(Auction!$C$5:$C$1000=$A$1,ROW(Auction!$C$5:$C$1000)-ROW(Auction!$C$5)+1),ROWS($A$9:A12))),"")} | B12: {=IFERROR(INDEX(Auction!$B$5:$B$1000,SMALL(IF(Auction!$C$5:$C$1000=$A$1,ROW(Auction!$C$5:$C$1000)-ROW(Auction!$C$5)+1),ROWS($A$9:A12))),"")} | C12: =IFERROR(T(VLOOKUP($A12,Players!$A:$E,2,FALSE)),"") | D12: =IFERROR(T(VLOOKUP($A12,Players!$A:$E,3,FALSE)),"") | E12: =IFERROR(T(VLOOKUP($A12,Players!$A:$E,4,FALSE)),"") | F12: =IFERROR(T(VLOOKUP($A12,Players!$A:$E,5,FALSE)),"")
A13: {=IFERROR(INDEX(Auction!$A$5:$A$1000,SMALL(IF(Auction!$C$5:$C$1000=$A$1,ROW(Auction!$C$5:$C$1000)-ROW(Auction!$C$5)+1),ROWS($A$9:A13))),"")} | B13: {=IFERROR(INDEX(Auction!$B$5:$B$1000,SMALL(IF(Auction!$C$5:$C$1000=$A$1,ROW(Auction!$C$5:$C$1000)-ROW(Auction!$C$5)+1),ROWS($A$9:A13))),"")} | C13: =IFERROR(T(VLOOKUP($A13,Players!$A:$E,2,FALSE)),"") | D13: =IFERROR(T(VLOOKUP($A13,Players!$A:$E,3,FALSE)),"") | E13: =IFERROR(T(VLOOKUP($A13,Players!$A:$E,4,FALSE)),"") | F13: =IFERROR(T(VLOOKUP($A13,Players!$A:$E,5,FALSE)),"")
A14: {=IFERROR(INDEX(Auction!$A$5:$A$1000,SMALL(IF(Auction!$C$5:$C$1000=$A$1,ROW(Auction!$C$5:$C$1000)-ROW(Auction!$C$5)+1),ROWS($A$9:A14))),"")} | B14: {=IFERROR(INDEX(Auction!$B$5:$B$1000,SMALL(IF(Auction!$C$5:$C$1000=$A$1,ROW(Auction!$C$5:$C$1000)-ROW(Auction!$C$5)+1),ROWS($A$9:A14))),"")} | C14: =IFERROR(T(VLOOKUP($A14,Players!$A:$E,2,FALSE)),"") | D14: =IFERROR(T(VLOOKUP($A14,Players!$A:$E,3,FALSE)),"") | E14: =IFERROR(T(VLOOKUP($A14,Players!$A:$E,4,FALSE)),"") | F14: =IFERROR(T(VLOOKUP($A14,Players!$A:$E,5,FALSE)),"")
A15: {=IFERROR(INDEX(Auction!$A$5:$A$1000,SMALL(IF(Auction!$C$5:$C$1000=$A$1,ROW(Auction!$C$5:$C$1000)-ROW(Auction!$C$5)+1),ROWS($A$9:A15))),"")} | B15: {=IFERROR(INDEX(Auction!$B$5:$B$1000,SMALL(IF(Auction!$C$5:$C$1000=$A$1,ROW(Auction!$C$5:$C$1000)-ROW(Auction!$C$5)+1),ROWS($A$9:A15))),"")} | C15: =IFERROR(T(VLOOKUP($A15,Players!$A:$E,2,FALSE)),"") | D15: =IFERROR(T(VLOOKUP($A15,Players!$A:$E,3,FALSE)),"") | E15: =IFERROR(T(VLOOKUP($A15,Players!$A:$E,4,FALSE)),"") | F15: =IFERROR(T(VLOOKUP($A15,Players!$A:$E,5,FALSE)),"")
A16: {=IFERROR(INDEX(Auction!$A$5:$A$1000,SMALL(IF(Auction!$C$5:$C$1000=$A$1,ROW(Auction!$C$5:$C$1000)-ROW(Auction!$C$5)+1),ROWS($A$9:A16))),"")} | B16: {=IFERROR(INDEX(Auction!$B$5:$B$1000,SMALL(IF(Auction!$C$5:$C$1000=$A$1,ROW(Auction!$C$5:$C$1000)-ROW(Auction!$C$5)+1),ROWS($A$9:A16))),"")} | C16: =IFERROR(T(VLOOKUP($A16,Players!$A:$E,2,FALSE)),"") | D16: =IFERROR(T(VLOOKUP($A16,Players!$A:$E,3,FALSE)),"") | E16: =IFERROR(T(VLOOKUP($A16,Players!$A:$E,4,FALSE)),"") | F16: =IFERROR(T(VLOOKUP($A16,Players!$A:$E,5,FALSE)),"")
A17: {=IFERROR(INDEX(Auction!$A$5:$A$1000,SMALL(IF(Auction!$C$5:$C$1000=$A$1,ROW(Auction!$C$5:$C$1000)-ROW(Auction!$C$5)+1),ROWS($A$9:A17))),"")} | B17: {=IFERROR(INDEX(Auction!$B$5:$B$1000,SMALL(IF(Auction!$C$5:$C$1000=$A$1,ROW(Auction!$C$5:$C$1000)-ROW(Auction!$C$5)+1),ROWS($A$9:A17))),"")} | C17: =IFERROR(T(VLOOKUP($A17,Players!$A:$E,2,FALSE)),"") | D17: =IFERROR(T(VLOOKUP($A17,Players!$A:$E,3,FALSE)),"") | E17: =IFERROR(T(VLOOKUP($A17,Players!$A:$E,4,FALSE)),"") | F17: =IFERROR(T(VLOOKUP($A17,Players!$A:$E,5,FALSE)),"")
A18: {=IFERROR(INDEX(Auction!$A$5:$A$1000,SMALL(IF(Auction!$C$5:$C$1000=$A$1,ROW(Auction!$C$5:$C$1000)-ROW(Auction!$C$5)+1),ROWS($A$9:A18))),"")} | B18: {=IFERROR(INDEX(Auction!$B$5:$B$1000,SMALL(IF(Auction!$C$5:$C$1000=$A$1,ROW(Auction!$C$5:$C$1000)-ROW(Auction!$C$5)+1),ROWS($A$9:A18))),"")} | C18: =IFERROR(T(VLOOKUP($A18,Players!$A:$E,2,FALSE)),"") | D18: =IFERROR(T(VLOOKUP($A18,Players!$A:$E,3,FALSE)),"") | E18: =IFERROR(T(VLOOKUP($A18,Players!$A:$E,4,FALSE)),"") | F18: =IFERROR(T(VLOOKUP($A18,Players!$A:$E,5,FALSE)),"")
A19: {=IFERROR(INDEX(Auction!$A$5:$A$1000,SMALL(IF(Auction!$C$5:$C$1000=$A$1,ROW(Auction!$C$5:$C$1000)-ROW(Auction!$C$5)+1),ROWS($A$9:A19))),"")} | B19: {=IFERROR(INDEX(Auction!$B$5:$B$1000,SMALL(IF(Auction!$C$5:$C$1000=$A$1,ROW(Auction!$C$5:$C$1000)-ROW(Auction!$C$5)+1),ROWS($A$9:A19))),"")} | C19: =IFERROR(T(VLOOKUP($A19,Players!$A:$E,2,FALSE)),"") | D19: =IFERROR(T(VLOOKUP($A19,Players!$A:$E,3,FALSE)),"") | E19: =IFERROR(T(VLOOKUP($A19,Players!$A:$E,4,FALSE)),"") | F19: =IFERROR(T(VLOOKUP($A19,Players!$A:$E,5,FALSE)),"")
A20: {=IFERROR(INDEX(Auction!$A$5:$A$1000,SMALL(IF(Auction!$C$5:$C$1000=$A$1,ROW(Auction!$C$5:$C$1000)-ROW(Auction!$C$5)+1),ROWS($A$9:A20))),"")} | B20: {=IFERROR(INDEX(Auction!$B$5:$B$1000,SMALL(IF(Auction!$C$5:$C$1000=$A$1,ROW(Auction!$C$5:$C$1000)-ROW(Auction!$C$5)+1),ROWS($A$9:A20))),"")} | C20: =IFERROR(T(VLOOKUP($A20,Players!$A:$E,2,FALSE)),"") | D20: =IFERROR(T(VLOOKUP($A20,Players!$A:$E,3,FALSE)),"") | E20: =IFERROR(T(VLOOKUP($A20,Players!$A:$E,4,FALSE)),"") | F20: =IFERROR(T(VLOOKUP($A20,Players!$A:$E,5,FALSE)),"")
... A48: {=IFERROR(INDEX(Auction!$A$5:$A$1000,SMALL(IF(Auction!$C$5:$C$1000=$A$1,ROW(Auction!$C$5:$C$1000)-ROW(Auction!$C$5)+1),ROWS($A$9:A48))),"")} | B48: {=IFERROR(INDEX(Auction!$B$5:$B$1000,SMALL(IF(Auction!$C$5:$C$1000=$A$1,ROW(Auction!$C$5:$C$1000)-ROW(Auction!$C$5)+1),ROWS($A$9:A48))),"")} | C48: =IFERROR(T(VLOOKUP($A48,Players!$A:$E,2,FALSE)),"") | D48: =IFERROR(T(VLOOKUP($A48,Players!$A:$E,3,FALSE)),"") | E48: =IFERROR(T(VLOOKUP($A48,Players!$A:$E,4,FALSE)),"") | F48: =IFERROR(T(VLOOKUP($A48,Players!$A:$E,5,FALSE)),"")

Sheet Imphal Igniter
A1: =Balance!A13
A3: Purse (Cr) | B3: =Balance!B13
A4: Spent (Cr) | B4: =Balance!C13
A5: Balance (Cr) | B5: =Balance!D13
A6: Players | B6: =Balance!E13
A8: Player | B8: Price (Cr) | C8: Role | D8: Hand | E8: Country | F8: City
A9: {=IFERROR(INDEX(Auction!$A$5:$A$1000,SMALL(IF(Auction!$C$5:$C$1000=$A$1,ROW(Auction!$C$5:$C$1000)-ROW(Auction!$C$5)+1),ROWS($A$9:A9))),"")} | B9: {=IFERROR(INDEX(Auction!$B$5:$B$1000,SMALL(IF(Auction!$C$5:$C$1000=$A$1,ROW(Auction!$C$5:$C$1000)-ROW(Auction!$C$5)+1),ROWS($A$9:A9))),"")} | C9: =IFERROR(T(VLOOKUP($A9,Players!$A:$E,2,FALSE)),"") | D9: =IFERROR(T(VLOOKUP($A9,Players!$A:$E,3,FALSE)),"") | E9: =IFERROR(T(VLOOKUP($A9,Players!$A:$E,4,FALSE)),"") | F9: =IFERROR(T(VLOOKUP($A9,Players!$A:$E,5,FALSE)),"")
A10: {=IFERROR(INDEX(Auction!$A$5:$A$1000,SMALL(IF(Auction!$C$5:$C$1000=$A$1,ROW(Auction!$C$5:$C$1000)-ROW(Auction!$C$5)+1),ROWS($A$9:A10))),"")} | B10: {=IFERROR(INDEX(Auction!$B$5:$B$1000,SMALL(IF(Auction!$C$5:$C$1000=$A$1,ROW(Auction!$C$5:$C$1000)-ROW(Auction!$C$5)+1),ROWS($A$9:A10))),"")} | C10: =IFERROR(T(VLOOKUP($A10,Players!$A:$E,2,FALSE)),"") | D10: =IFERROR(T(VLOOKUP($A10,Players!$A:$E,3,FALSE)),"") | E10: =IFERROR(T(VLOOKUP($A10,Players!$A:$E,4,FALSE)),"") | F10: =IFERROR(T(VLOOKUP($A10,Players!$A:$E,5,FALSE)),"")
A11: {=IFERROR(INDEX(Auction!$A$5:$A$1000,SMALL(IF(Auction!$C$5:$C$1000=$A$1,ROW(Auction!$C$5:$C$1000)-ROW(Auction!$C$5)+1),ROWS($A$9:A11))),"")} | B11: {=IFERROR(INDEX(Auction!$B$5:$B$1000,SMALL(IF(Auction!$C$5:$C$1000=$A$1,ROW(Auction!$C$5:$C$1000)-ROW(Auction!$C$5)+1),ROWS($A$9:A11))),"")} | C11: =IFERROR(T(VLOOKUP($A11,Players!$A:$E,2,FALSE)),"") | D11: =IFERROR(T(VLOOKUP($A11,Players!$A:$E,3,FALSE)),"") | E11: =IFERROR(T(VLOOKUP($A11,Players!$A:$E,4,FALSE)),"") | F11: =IFERROR(T(VLOOKUP($A11,Players!$A:$E,5,FALSE)),"")
A12: {=IFERROR(INDEX(Auction!$A$5:$A$1000,SMALL(IF(Auction!$C$5:$C$1000=$A$1,ROW(Auction!$C$5:$C$1000)-ROW(Auction!$C$5)+1),ROWS($A$9:A12))),"")} | B12: {=IFERROR(INDEX(Auction!$B$5:$B$1000,SMALL(IF(Auction!$C$5:$C$1000=$A$1,ROW(Auction!$C$5:$C$1000)-ROW(Auction!$C$5)+1),ROWS($A$9:A12))),"")} | C12: =IFERROR(T(VLOOKUP($A12,Players!$A:$E,2,FALSE)),"") | D12: =IFERROR(T(VLOOKUP($A12,Players!$A:$E,3,FALSE)),"") | E12: =IFERROR(T(VLOOKUP($A12,Players!$A:$E,4,FALSE)),"") | F12: =IFERROR(T(VLOOKUP($A12,Players!$A:$E,5,FALSE)),"")
A13: {=IFERROR(INDEX(Auction!$A$5:$A$1000,SMALL(IF(Auction!$C$5:$C$1000=$A$1,ROW(Auction!$C$5:$C$1000)-ROW(Auction!$C$5)+1),ROWS($A$9:A13))),"")} | B13: {=IFERROR(INDEX(Auction!$B$5:$B$1000,SMALL(IF(Auction!$C$5:$C$1000=$A$1,ROW(Auction!$C$5:$C$1000)-ROW(Auction!$C$5)+1),ROWS($A$9:A13))),"")} | C13: =IFERROR(T(VLOOKUP($A13,Players!$A:$E,2,FALSE)),"") | D13: =IFERROR(T(VLOOKUP($A13,Players!$A:$E,3,FALSE)),"") | E13: =IFERROR(T(VLOOKUP($A13,Players!$A:$E,4,FALSE)),"") | F13: =IFERROR(T(VLOOKUP($A13,Players!$A:$E,5,FALSE)),"")
A14: {=IFERROR(INDEX(Auction!$A$5:$A$1000,SMALL(IF(Auction!$C$5:$C$1000=$A$1,ROW(Auction!$C$5:$C$1000)-ROW(Auction!$C$5)+1),ROWS($A$9:A14))),"")} | B14: {=IFERROR(INDEX(Auction!$B$5:$B$1000,SMALL(IF(Auction!$C$5:$C$1000=$A$1,ROW(Auction!$C$5:$C$1000)-ROW(Auction!$C$5)+1),ROWS($A$9:A14))),"")} | C14: =IFERROR(T(VLOOKUP($A14,Players!$A:$E,2,FALSE)),"") | D14: =IFERROR(T(VLOOKUP($A14,Players!$A:$E,3,FALSE)),"") | E14: =IFERROR(T(VLOOKUP($A14,Players!$A:$E,4,FALSE)),"") | F14: =IFERROR(T(VLOOKUP($A14,Players!$A:$E,5,FALSE)),"")
A15: {=IFERROR(INDEX(Auction!$A$5:$A$1000,SMALL(IF(Auction!$C$5:$C$1000=$A$1,ROW(Auction!$C$5:$C$1000)-ROW(Auction!$C$5)+1),ROWS($A$9:A15))),"")} | B15: {=IFERROR(INDEX(Auction!$B$5:$B$1000,SMALL(IF(Auction!$C$5:$C$1000=$A$1,ROW(Auction!$C$5:$C$1000)-ROW(Auction!$C$5)+1),ROWS($A$9:A15))),"")} | C15: =IFERROR(T(VLOOKUP($A15,Players!$A:$E,2,FALSE)),"") | D15: =IFERROR(T(VLOOKUP($A15,Players!$A:$E,3,FALSE)),"") | E15: =IFERROR(T(VLOOKUP($A15,Players!$A:$E,4,FALSE)),"") | F15: =IFERROR(T(VLOOKUP($A15,Players!$A:$E,5,FALSE)),"")
A16: {=IFERROR(INDEX(Auction!$A$5:$A$1000,SMALL(IF(Auction!$C$5:$C$1000=$A$1,ROW(Auction!$C$5:$C$1000)-ROW(Auction!$C$5)+1),ROWS($A$9:A16))),"")} | B16: {=IFERROR(INDEX(Auction!$B$5:$B$1000,SMALL(IF(Auction!$C$5:$C$1000=$A$1,ROW(Auction!$C$5:$C$1000)-ROW(Auction!$C$5)+1),ROWS($A$9:A16))),"")} | C16: =IFERROR(T(VLOOKUP($A16,Players!$A:$E,2,FALSE)),"") | D16: =IFERROR(T(VLOOKUP($A16,Players!$A:$E,3,FALSE)),"") | E16: =IFERROR(T(VLOOKUP($A16,Players!$A:$E,4,FALSE)),"") | F16: =IFERROR(T(VLOOKUP($A16,Players!$A:$E,5,FALSE)),"")
A17: {=IFERROR(INDEX(Auction!$A$5:$A$1000,SMALL(IF(Auction!$C$5:$C$1000=$A$1,ROW(Auction!$C$5:$C$1000)-ROW(Auction!$C$5)+1),ROWS($A$9:A17))),"")} | B17: {=IFERROR(INDEX(Auction!$B$5:$B$1000,SMALL(IF(Auction!$C$5:$C$1000=$A$1,ROW(Auction!$C$5:$C$1000)-ROW(Auction!$C$5)+1),ROWS($A$9:A17))),"")} | C17: =IFERROR(T(VLOOKUP($A17,Players!$A:$E,2,FALSE)),"") | D17: =IFERROR(T(VLOOKUP($A17,Players!$A:$E,3,FALSE)),"") | E17: =IFERROR(T(VLOOKUP($A17,Players!$A:$E,4,FALSE)),"") | F17: =IFERROR(T(VLOOKUP($A17,Players!$A:$E,5,FALSE)),"")
A18: {=IFERROR(INDEX(Auction!$A$5:$A$1000,SMALL(IF(Auction!$C$5:$C$1000=$A$1,ROW(Auction!$C$5:$C$1000)-ROW(Auction!$C$5)+1),ROWS($A$9:A18))),"")} | B18: {=IFERROR(INDEX(Auction!$B$5:$B$1000,SMALL(IF(Auction!$C$5:$C$1000=$A$1,ROW(Auction!$C$5:$C$1000)-ROW(Auction!$C$5)+1),ROWS($A$9:A18))),"")} | C18: =IFERROR(T(VLOOKUP($A18,Players!$A:$E,2,FALSE)),"") | D18: =IFERROR(T(VLOOKUP($A18,Players!$A:$E,3,FALSE)),"") | E18: =IFERROR(T(VLOOKUP($A18,Players!$A:$E,4,FALSE)),"") | F18: =IFERROR(T(VLOOKUP($A18,Players!$A:$E,5,FALSE)),"")
A19: {=IFERROR(INDEX(Auction!$A$5:$A$1000,SMALL(IF(Auction!$C$5:$C$1000=$A$1,ROW(Auction!$C$5:$C$1000)-ROW(Auction!$C$5)+1),ROWS($A$9:A19))),"")} | B19: {=IFERROR(INDEX(Auction!$B$5:$B$1000,SMALL(IF(Auction!$C$5:$C$1000=$A$1,ROW(Auction!$C$5:$C$1000)-ROW(Auction!$C$5)+1),ROWS($A$9:A19))),"")} | C19: =IFERROR(T(VLOOKUP($A19,Players!$A:$E,2,FALSE)),"") | D19: =IFERROR(T(VLOOKUP($A19,Players!$A:$E,3,FALSE)),"") | E19: =IFERROR(T(VLOOKUP($A19,Players!$A:$E,4,FALSE)),"") | F19: =IFERROR(T(VLOOKUP($A19,Players!$A:$E,5,FALSE)),"")
A20: {=IFERROR(INDEX(Auction!$A$5:$A$1000,SMALL(IF(Auction!$C$5:$C$1000=$A$1,ROW(Auction!$C$5:$C$1000)-ROW(Auction!$C$5)+1),ROWS($A$9:A20))),"")} | B20: {=IFERROR(INDEX(Auction!$B$5:$B$1000,SMALL(IF(Auction!$C$5:$C$1000=$A$1,ROW(Auction!$C$5:$C$1000)-ROW(Auction!$C$5)+1),ROWS($A$9:A20))),"")} | C20: =IFERROR(T(VLOOKUP($A20,Players!$A:$E,2,FALSE)),"") | D20: =IFERROR(T(VLOOKUP($A20,Players!$A:$E,3,FALSE)),"") | E20: =IFERROR(T(VLOOKUP($A20,Players!$A:$E,4,FALSE)),"") | F20: =IFERROR(T(VLOOKUP($A20,Players!$A:$E,5,FALSE)),"")
... A48: {=IFERROR(INDEX(Auction!$A$5:$A$1000,SMALL(IF(Auction!$C$5:$C$1000=$A$1,ROW(Auction!$C$5:$C$1000)-ROW(Auction!$C$5)+1),ROWS($A$9:A48))),"")} | B48: {=IFERROR(INDEX(Auction!$B$5:$B$1000,SMALL(IF(Auction!$C$5:$C$1000=$A$1,ROW(Auction!$C$5:$C$1000)-ROW(Auction!$C$5)+1),ROWS($A$9:A48))),"")} | C48: =IFERROR(T(VLOOKUP($A48,Players!$A:$E,2,FALSE)),"") | D48: =IFERROR(T(VLOOKUP($A48,Players!$A:$E,3,FALSE)),"") | E48: =IFERROR(T(VLOOKUP($A48,Players!$A:$E,4,FALSE)),"") | F48: =IFERROR(T(VLOOKUP($A48,Players!$A:$E,5,FALSE)),"")

Sheet Punjab Kings
A1: =Balance!A14
A3: Purse (Cr) | B3: =Balance!B14
A4: Spent (Cr) | B4: =Balance!C14
A5: Balance (Cr) | B5: =Balance!D14
A6: Players | B6: =Balance!E14
A8: Player | B8: Price (Cr) | C8: Role | D8: Hand | E8: Country | F8: City
A9: {=IFERROR(INDEX(Auction!$A$5:$A$1000,SMALL(IF(Auction!$C$5:$C$1000=$A$1,ROW(Auction!$C$5:$C$1000)-ROW(Auction!$C$5)+1),ROWS($A$9:A9))),"")} | B9: {=IFERROR(INDEX(Auction!$B$5:$B$1000,SMALL(IF(Auction!$C$5:$C$1000=$A$1,ROW(Auction!$C$5:$C$1000)-ROW(Auction!$C$5)+1),ROWS($A$9:A9))),"")} | C9: =IFERROR(T(VLOOKUP($A9,Players!$A:$E,2,FALSE)),"") | D9: =IFERROR(T(VLOOKUP($A9,Players!$A:$E,3,FALSE)),"") | E9: =IFERROR(T(VLOOKUP($A9,Players!$A:$E,4,FALSE)),"") | F9: =IFERROR(T(VLOOKUP($A9,Players!$A:$E,5,FALSE)),"")
A10: {=IFERROR(INDEX(Auction!$A$5:$A$1000,SMALL(IF(Auction!$C$5:$C$1000=$A$1,ROW(Auction!$C$5:$C$1000)-ROW(Auction!$C$5)+1),ROWS($A$9:A10))),"")} | B10: {=IFERROR(INDEX(Auction!$B$5:$B$1000,SMALL(IF(Auction!$C$5:$C$1000=$A$1,ROW(Auction!$C$5:$C$1000)-ROW(Auction!$C$5)+1),ROWS($A$9:A10))),"")} | C10: =IFERROR(T(VLOOKUP($A10,Players!$A:$E,2,FALSE)),"") | D10: =IFERROR(T(VLOOKUP($A10,Players!$A:$E,3,FALSE)),"") | E10: =IFERROR(T(VLOOKUP($A10,Players!$A:$E,4,FALSE)),"") | F10: =IFERROR(T(VLOOKUP($A10,Players!$A:$E,5,FALSE)),"")
A11: {=IFERROR(INDEX(Auction!$A$5:$A$1000,SMALL(IF(Auction!$C$5:$C$1000=$A$1,ROW(Auction!$C$5:$C$1000)-ROW(Auction!$C$5)+1),ROWS($A$9:A11))),"")} | B11: {=IFERROR(INDEX(Auction!$B$5:$B$1000,SMALL(IF(Auction!$C$5:$C$1000=$A$1,ROW(Auction!$C$5:$C$1000)-ROW(Auction!$C$5)+1),ROWS($A$9:A11))),"")} | C11: =IFERROR(T(VLOOKUP($A11,Players!$A:$E,2,FALSE)),"") | D11: =IFERROR(T(VLOOKUP($A11,Players!$A:$E,3,FALSE)),"") | E11: =IFERROR(T(VLOOKUP($A11,Players!$A:$E,4,FALSE)),"") | F11: =IFERROR(T(VLOOKUP($A11,Players!$A:$E,5,FALSE)),"")
A12: {=IFERROR(INDEX(Auction!$A$5:$A$1000,SMALL(IF(Auction!$C$5:$C$1000=$A$1,ROW(Auction!$C$5:$C$1000)-ROW(Auction!$C$5)+1),ROWS($A$9:A12))),"")} | B12: {=IFERROR(INDEX(Auction!$B$5:$B$1000,SMALL(IF(Auction!$C$5:$C$1000=$A$1,ROW(Auction!$C$5:$C$1000)-ROW(Auction!$C$5)+1),ROWS($A$9:A12))),"")} | C12: =IFERROR(T(VLOOKUP($A12,Players!$A:$E,2,FALSE)),"") | D12: =IFERROR(T(VLOOKUP($A12,Players!$A:$E,3,FALSE)),"") | E12: =IFERROR(T(VLOOKUP($A12,Players!$A:$E,4,FALSE)),"") | F12: =IFERROR(T(VLOOKUP($A12,Players!$A:$E,5,FALSE)),"")
A13: {=IFERROR(INDEX(Auction!$A$5:$A$1000,SMALL(IF(Auction!$C$5:$C$1000=$A$1,ROW(Auction!$C$5:$C$1000)-ROW(Auction!$C$5)+1),ROWS($A$9:A13))),"")} | B13: {=IFERROR(INDEX(Auction!$B$5:$B$1000,SMALL(IF(Auction!$C$5:$C$1000=$A$1,ROW(Auction!$C$5:$C$1000)-ROW(Auction!$C$5)+1),ROWS($A$9:A13))),"")} | C13: =IFERROR(T(VLOOKUP($A13,Players!$A:$E,2,FALSE)),"") | D13: =IFERROR(T(VLOOKUP($A13,Players!$A:$E,3,FALSE)),"") | E13: =IFERROR(T(VLOOKUP($A13,Players!$A:$E,4,FALSE)),"") | F13: =IFERROR(T(VLOOKUP($A13,Players!$A:$E,5,FALSE)),"")
A14: {=IFERROR(INDEX(Auction!$A$5:$A$1000,SMALL(IF(Auction!$C$5:$C$1000=$A$1,ROW(Auction!$C$5:$C$1000)-ROW(Auction!$C$5)+1),ROWS($A$9:A14))),"")} | B14: {=IFERROR(INDEX(Auction!$B$5:$B$1000,SMALL(IF(Auction!$C$5:$C$1000=$A$1,ROW(Auction!$C$5:$C$1000)-ROW(Auction!$C$5)+1),ROWS($A$9:A14))),"")} | C14: =IFERROR(T(VLOOKUP($A14,Players!$A:$E,2,FALSE)),"") | D14: =IFERROR(T(VLOOKUP($A14,Players!$A:$E,3,FALSE)),"") | E14: =IFERROR(T(VLOOKUP($A14,Players!$A:$E,4,FALSE)),"") | F14: =IFERROR(T(VLOOKUP($A14,Players!$A:$E,5,FALSE)),"")
A15: {=IFERROR(INDEX(Auction!$A$5:$A$1000,SMALL(IF(Auction!$C$5:$C$1000=$A$1,ROW(Auction!$C$5:$C$1000)-ROW(Auction!$C$5)+1),ROWS($A$9:A15))),"")} | B15: {=IFERROR(INDEX(Auction!$B$5:$B$1000,SMALL(IF(Auction!$C$5:$C$1000=$A$1,ROW(Auction!$C$5:$C$1000)-ROW(Auction!$C$5)+1),ROWS($A$9:A15))),"")} | C15: =IFERROR(T(VLOOKUP($A15,Players!$A:$E,2,FALSE)),"") | D15: =IFERROR(T(VLOOKUP($A15,Players!$A:$E,3,FALSE)),"") | E15: =IFERROR(T(VLOOKUP($A15,Players!$A:$E,4,FALSE)),"") | F15: =IFERROR(T(VLOOKUP($A15,Players!$A:$E,5,FALSE)),"")
A16: {=IFERROR(INDEX(Auction!$A$5:$A$1000,SMALL(IF(Auction!$C$5:$C$1000=$A$1,ROW(Auction!$C$5:$C$1000)-ROW(Auction!$C$5)+1),ROWS($A$9:A16))),"")} | B16: {=IFERROR(INDEX(Auction!$B$5:$B$1000,SMALL(IF(Auction!$C$5:$C$1000=$A$1,ROW(Auction!$C$5:$C$1000)-ROW(Auction!$C$5)+1),ROWS($A$9:A16))),"")} | C16: =IFERROR(T(VLOOKUP($A16,Players!$A:$E,2,FALSE)),"") | D16: =IFERROR(T(VLOOKUP($A16,Players!$A:$E,3,FALSE)),"") | E16: =IFERROR(T(VLOOKUP($A16,Players!$A:$E,4,FALSE)),"") | F16: =IFERROR(T(VLOOKUP($A16,Players!$A:$E,5,FALSE)),"")
A17: {=IFERROR(INDEX(Auction!$A$5:$A$1000,SMALL(IF(Auction!$C$5:$C$1000=$A$1,ROW(Auction!$C$5:$C$1000)-ROW(Auction!$C$5)+1),ROWS($A$9:A17))),"")} | B17: {=IFERROR(INDEX(Auction!$B$5:$B$1000,SMALL(IF(Auction!$C$5:$C$1000=$A$1,ROW(Auction!$C$5:$C$1000)-ROW(Auction!$C$5)+1),ROWS($A$9:A17))),"")} | C17: =IFERROR(T(VLOOKUP($A17,Players!$A:$E,2,FALSE)),"") | D17: =IFERROR(T(VLOOKUP($A17,Players!$A:$E,3,FALSE)),"") | E17: =IFERROR(T(VLOOKUP($A17,Players!$A:$E,4,FALSE)),"") | F17: =IFERROR(T(VLOOKUP($A17,Players!$A:$E,5,FALSE)),"")
A18: {=IFERROR(INDEX(Auction!$A$5:$A$1000,SMALL(IF(Auction!$C$5:$C$1000=$A$1,ROW(Auction!$C$5:$C$1000)-ROW(Auction!$C$5)+1),ROWS($A$9:A18))),"")} | B18: {=IFERROR(INDEX(Auction!$B$5:$B$1000,SMALL(IF(Auction!$C$5:$C$1000=$A$1,ROW(Auction!$C$5:$C$1000)-ROW(Auction!$C$5)+1),ROWS($A$9:A18))),"")} | C18: =IFERROR(T(VLOOKUP($A18,Players!$A:$E,2,FALSE)),"") | D18: =IFERROR(T(VLOOKUP($A18,Players!$A:$E,3,FALSE)),"") | E18: =IFERROR(T(VLOOKUP($A18,Players!$A:$E,4,FALSE)),"") | F18: =IFERROR(T(VLOOKUP($A18,Players!$A:$E,5,FALSE)),"")
A19: {=IFERROR(INDEX(Auction!$A$5:$A$1000,SMALL(IF(Auction!$C$5:$C$1000=$A$1,ROW(Auction!$C$5:$C$1000)-ROW(Auction!$C$5)+1),ROWS($A$9:A19))),"")} | B19: {=IFERROR(INDEX(Auction!$B$5:$B$1000,SMALL(IF(Auction!$C$5:$C$1000=$A$1,ROW(Auction!$C$5:$C$1000)-ROW(Auction!$C$5)+1),ROWS($A$9:A19))),"")} | C19: =IFERROR(T(VLOOKUP($A19,Players!$A:$E,2,FALSE)),"") | D19: =IFERROR(T(VLOOKUP($A19,Players!$A:$E,3,FALSE)),"") | E19: =IFERROR(T(VLOOKUP($A19,Players!$A:$E,4,FALSE)),"") | F19: =IFERROR(T(VLOOKUP($A19,Players!$A:$E,5,FALSE)),"")
A20: {=IFERROR(INDEX(Auction!$A$5:$A$1000,SMALL(IF(Auction!$C$5:$C$1000=$A$1,ROW(Auction!$C$5:$C$1000)-ROW(Auction!$C$5)+1),ROWS($A$9:A20))),"")} | B20: {=IFERROR(INDEX(Auction!$B$5:$B$1000,SMALL(IF(Auction!$C$5:$C$1000=$A$1,ROW(Auction!$C$5:$C$1000)-ROW(Auction!$C$5)+1),ROWS($A$9:A20))),"")} | C20: =IFERROR(T(VLOOKUP($A20,Players!$A:$E,2,FALSE)),"") | D20: =IFERROR(T(VLOOKUP($A20,Players!$A:$E,3,FALSE)),"") | E20: =IFERROR(T(VLOOKUP($A20,Players!$A:$E,4,FALSE)),"") | F20: =IFERROR(T(VLOOKUP($A20,Players!$A:$E,5,FALSE)),"")
... A48: {=IFERROR(INDEX(Auction!$A$5:$A$1000,SMALL(IF(Auction!$C$5:$C$1000=$A$1,ROW(Auction!$C$5:$C$1000)-ROW(Auction!$C$5)+1),ROWS($A$9:A48))),"")} | B48: {=IFERROR(INDEX(Auction!$B$5:$B$1000,SMALL(IF(Auction!$C$5:$C$1000=$A$1,ROW(Auction!$C$5:$C$1000)-ROW(Auction!$C$5)+1),ROWS($A$9:A48))),"")} | C48: =IFERROR(T(VLOOKUP($A48,Players!$A:$E,2,FALSE)),"") | D48: =IFERROR(T(VLOOKUP($A48,Players!$A:$E,3,FALSE)),"") | E48: =IFERROR(T(VLOOKUP($A48,Players!$A:$E,4,FALSE)),"") | F48: =IFERROR(T(VLOOKUP($A48,Players!$A:$E,5,FALSE)),"")

Sheet Rising Pune Super Giants
A1: =Balance!A15
A3: Purse (Cr) | B3: =Balance!B15
A4: Spent (Cr) | B4: =Balance!C15
A5: Balance (Cr) | B5: =Balance!D15
A6: Players | B6: =Balance!E15
A8: Player | B8: Price (Cr) | C8: Role | D8: Hand | E8: Country | F8: City
A9: {=IFERROR(INDEX(Auction!$A$5:$A$1000,SMALL(IF(Auction!$C$5:$C$1000=$A$1,ROW(Auction!$C$5:$C$1000)-ROW(Auction!$C$5)+1),ROWS($A$9:A9))),"")} | B9: {=IFERROR(INDEX(Auction!$B$5:$B$1000,SMALL(IF(Auction!$C$5:$C$1000=$A$1,ROW(Auction!$C$5:$C$1000)-ROW(Auction!$C$5)+1),ROWS($A$9:A9))),"")} | C9: =IFERROR(T(VLOOKUP($A9,Players!$A:$E,2,FALSE)),"") | D9: =IFERROR(T(VLOOKUP($A9,Players!$A:$E,3,FALSE)),"") | E9: =IFERROR(T(VLOOKUP($A9,Players!$A:$E,4,FALSE)),"") | F9: =IFERROR(T(VLOOKUP($A9,Players!$A:$E,5,FALSE)),"")
A10: {=IFERROR(INDEX(Auction!$A$5:$A$1000,SMALL(IF(Auction!$C$5:$C$1000=$A$1,ROW(Auction!$C$5:$C$1000)-ROW(Auction!$C$5)+1),ROWS($A$9:A10))),"")} | B10: {=IFERROR(INDEX(Auction!$B$5:$B$1000,SMALL(IF(Auction!$C$5:$C$1000=$A$1,ROW(Auction!$C$5:$C$1000)-ROW(Auction!$C$5)+1),ROWS($A$9:A10))),"")} | C10: =IFERROR(T(VLOOKUP($A10,Players!$A:$E,2,FALSE)),"") | D10: =IFERROR(T(VLOOKUP($A10,Players!$A:$E,3,FALSE)),"") | E10: =IFERROR(T(VLOOKUP($A10,Players!$A:$E,4,FALSE)),"") | F10: =IFERROR(T(VLOOKUP($A10,Players!$A:$E,5,FALSE)),"")
A11: {=IFERROR(INDEX(Auction!$A$5:$A$1000,SMALL(IF(Auction!$C$5:$C$1000=$A$1,ROW(Auction!$C$5:$C$1000)-ROW(Auction!$C$5)+1),ROWS($A$9:A11))),"")} | B11: {=IFERROR(INDEX(Auction!$B$5:$B$1000,SMALL(IF(Auction!$C$5:$C$1000=$A$1,ROW(Auction!$C$5:$C$1000)-ROW(Auction!$C$5)+1),ROWS($A$9:A11))),"")} | C11: =IFERROR(T(VLOOKUP($A11,Players!$A:$E,2,FALSE)),"") | D11: =IFERROR(T(VLOOKUP($A11,Players!$A:$E,3,FALSE)),"") | E11: =IFERROR(T(VLOOKUP($A11,Players!$A:$E,4,FALSE)),"") | F11: =IFERROR(T(VLOOKUP($A11,Players!$A:$E,5,FALSE)),"")
A12: {=IFERROR(INDEX(Auction!$A$5:$A$1000,SMALL(IF(Auction!$C$5:$C$1000=$A$1,ROW(Auction!$C$5:$C$1000)-ROW(Auction!$C$5)+1),ROWS($A$9:A12))),"")} | B12: {=IFERROR(INDEX(Auction!$B$5:$B$1000,SMALL(IF(Auction!$C$5:$C$1000=$A$1,ROW(Auction!$C$5:$C$1000)-ROW(Auction!$C$5)+1),ROWS($A$9:A12))),"")} | C12: =IFERROR(T(VLOOKUP($A12,Players!$A:$E,2,FALSE)),"") | D12: =IFERROR(T(VLOOKUP($A12,Players!$A:$E,3,FALSE)),"") | E12: =IFERROR(T(VLOOKUP($A12,Players!$A:$E,4,FALSE)),"") | F12: =IFERROR(T(VLOOKUP($A12,Players!$A:$E,5,FALSE)),"")
A13: {=IFERROR(INDEX(Auction!$A$5:$A$1000,SMALL(IF(Auction!$C$5:$C$1000=$A$1,ROW(Auction!$C$5:$C$1000)-ROW(Auction!$C$5)+1),ROWS($A$9:A13))),"")} | B13: {=IFERROR(INDEX(Auction!$B$5:$B$1000,SMALL(IF(Auction!$C$5:$C$1000=$A$1,ROW(Auction!$C$5:$C$1000)-ROW(Auction!$C$5)+1),ROWS($A$9:A13))),"")} | C13: =IFERROR(T(VLOOKUP($A13,Players!$A:$E,2,FALSE)),"") | D13: =IFERROR(T(VLOOKUP($A13,Players!$A:$E,3,FALSE)),"") | E13: =IFERROR(T(VLOOKUP($A13,Players!$A:$E,4,FALSE)),"") | F13: =IFERROR(T(VLOOKUP($A13,Players!$A:$E,5,FALSE)),"")
A14: {=IFERROR(INDEX(Auction!$A$5:$A$1000,SMALL(IF(Auction!$C$5:$C$1000=$A$1,ROW(Auction!$C$5:$C$1000)-ROW(Auction!$C$5)+1),ROWS($A$9:A14))),"")} | B14: {=IFERROR(INDEX(Auction!$B$5:$B$1000,SMALL(IF(Auction!$C$5:$C$1000=$A$1,ROW(Auction!$C$5:$C$1000)-ROW(Auction!$C$5)+1),ROWS($A$9:A14))),"")} | C14: =IFERROR(T(VLOOKUP($A14,Players!$A:$E,2,FALSE)),"") | D14: =IFERROR(T(VLOOKUP($A14,Players!$A:$E,3,FALSE)),"") | E14: =IFERROR(T(VLOOKUP($A14,Players!$A:$E,4,FALSE)),"") | F14: =IFERROR(T(VLOOKUP($A14,Players!$A:$E,5,FALSE)),"")
A15: {=IFERROR(INDEX(Auction!$A$5:$A$1000,SMALL(IF(Auction!$C$5:$C$1000=$A$1,ROW(Auction!$C$5:$C$1000)-ROW(Auction!$C$5)+1),ROWS($A$9:A15))),"")} | B15: {=IFERROR(INDEX(Auction!$B$5:$B$1000,SMALL(IF(Auction!$C$5:$C$1000=$A$1,ROW(Auction!$C$5:$C$1000)-ROW(Auction!$C$5)+1),ROWS($A$9:A15))),"")} | C15: =IFERROR(T(VLOOKUP($A15,Players!$A:$E,2,FALSE)),"") | D15: =IFERROR(T(VLOOKUP($A15,Players!$A:$E,3,FALSE)),"") | E15: =IFERROR(T(VLOOKUP($A15,Players!$A:$E,4,FALSE)),"") | F15: =IFERROR(T(VLOOKUP($A15,Players!$A:$E,5,FALSE)),"")
A16: {=IFERROR(INDEX(Auction!$A$5:$A$1000,SMALL(IF(Auction!$C$5:$C$1000=$A$1,ROW(Auction!$C$5:$C$1000)-ROW(Auction!$C$5)+1),ROWS($A$9:A16))),"")} | B16: {=IFERROR(INDEX(Auction!$B$5:$B$1000,SMALL(IF(Auction!$C$5:$C$1000=$A$1,ROW(Auction!$C$5:$C$1000)-ROW(Auction!$C$5)+1),ROWS($A$9:A16))),"")} | C16: =IFERROR(T(VLOOKUP($A16,Players!$A:$E,2,FALSE)),"") | D16: =IFERROR(T(VLOOKUP($A16,Players!$A:$E,3,FALSE)),"") | E16: =IFERROR(T(VLOOKUP($A16,Players!$A:$E,4,FALSE)),"") | F16: =IFERROR(T(VLOOKUP($A16,Players!$A:$E,5,FALSE)),"")
A17: {=IFERROR(INDEX(Auction!$A$5:$A$1000,SMALL(IF(Auction!$C$5:$C$1000=$A$1,ROW(Auction!$C$5:$C$1000)-ROW(Auction!$C$5)+1),ROWS($A$9:A17))),"")} | B17: {=IFERROR(INDEX(Auction!$B$5:$B$1000,SMALL(IF(Auction!$C$5:$C$1000=$A$1,ROW(Auction!$C$5:$C$1000)-ROW(Auction!$C$5)+1),ROWS($A$9:A17))),"")} | C17: =IFERROR(T(VLOOKUP($A17,Players!$A:$E,2,FALSE)),"") | D17: =IFERROR(T(VLOOKUP($A17,Players!$A:$E,3,FALSE)),"") | E17: =IFERROR(T(VLOOKUP($A17,Players!$A:$E,4,FALSE)),"") | F17: =IFERROR(T(VLOOKUP($A17,Players!$A:$E,5,FALSE)),"")
A18: {=IFERROR(INDEX(Auction!$A$5:$A$1000,SMALL(IF(Auction!$C$5:$C$1000=$A$1,ROW(Auction!$C$5:$C$1000)-ROW(Auction!$C$5)+1),ROWS($A$9:A18))),"")} | B18: {=IFERROR(INDEX(Auction!$B$5:$B$1000,SMALL(IF(Auction!$C$5:$C$1000=$A$1,ROW(Auction!$C$5:$C$1000)-ROW(Auction!$C$5)+1),ROWS($A$9:A18))),"")} | C18: =IFERROR(T(VLOOKUP($A18,Players!$A:$E,2,FALSE)),"") | D18: =IFERROR(T(VLOOKUP($A18,Players!$A:$E,3,FALSE)),"") | E18: =IFERROR(T(VLOOKUP($A18,Players!$A:$E,4,FALSE)),"") | F18: =IFERROR(T(VLOOKUP($A18,Players!$A:$E,5,FALSE)),"")
A19: {=IFERROR(INDEX(Auction!$A$5:$A$1000,SMALL(IF(Auction!$C$5:$C$1000=$A$1,ROW(Auction!$C$5:$C$1000)-ROW(Auction!$C$5)+1),ROWS($A$9:A19))),"")} | B19: {=IFERROR(INDEX(Auction!$B$5:$B$1000,SMALL(IF(Auction!$C$5:$C$1000=$A$1,ROW(Auction!$C$5:$C$1000)-ROW(Auction!$C$5)+1),ROWS($A$9:A19))),"")} | C19: =IFERROR(T(VLOOKUP($A19,Players!$A:$E,2,FALSE)),"") | D19: =IFERROR(T(VLOOKUP($A19,Players!$A:$E,3,FALSE)),"") | E19: =IFERROR(T(VLOOKUP($A19,Players!$A:$E,4,FALSE)),"") | F19: =IFERROR(T(VLOOKUP($A19,Players!$A:$E,5,FALSE)),"")
A20: {=IFERROR(INDEX(Auction!$A$5:$A$1000,SMALL(IF(Auction!$C$5:$C$1000=$A$1,ROW(Auction!$C$5:$C$1000)-ROW(Auction!$C$5)+1),ROWS($A$9:A20))),"")} | B20: {=IFERROR(INDEX(Auction!$B$5:$B$1000,SMALL(IF(Auction!$C$5:$C$1000=$A$1,ROW(Auction!$C$5:$C$1000)-ROW(Auction!$C$5)+1),ROWS($A$9:A20))),"")} | C20: =IFERROR(T(VLOOKUP($A20,Players!$A:$E,2,FALSE)),"") | D20: =IFERROR(T(VLOOKUP($A20,Players!$A:$E,3,FALSE)),"") | E20: =IFERROR(T(VLOOKUP($A20,Players!$A:$E,4,FALSE)),"") | F20: =IFERROR(T(VLOOKUP($A20,Players!$A:$E,5,FALSE)),"")
... A48: {=IFERROR(INDEX(Auction!$A$5:$A$1000,SMALL(IF(Auction!$C$5:$C$1000=$A$1,ROW(Auction!$C$5:$C$1000)-ROW(Auction!$C$5)+1),ROWS($A$9:A48))),"")} | B48: {=IFERROR(INDEX(Auction!$B$5:$B$1000,SMALL(IF(Auction!$C$5:$C$1000=$A$1,ROW(Auction!$C$5:$C$1000)-ROW(Auction!$C$5)+1),ROWS($A$9:A48))),"")} | C48: =IFERROR(T(VLOOKUP($A48,Players!$A:$E,2,FALSE)),"") | D48: =IFERROR(T(VLOOKUP($A48,Players!$A:$E,3,FALSE)),"") | E48: =IFERROR(T(VLOOKUP($A48,Players!$A:$E,4,FALSE)),"") | F48: =IFERROR(T(VLOOKUP($A48,Players!$A:$E,5,FALSE)),"")

Sheet Rajasthan Royals
A1: =Balance!A16
A3: Purse (Cr) | B3: =Balance!B16
A4: Spent (Cr) | B4: =Balance!C16
A5: Balance (Cr) | B5: =Balance!D16
A6: Players | B6: =Balance!E16
A8: Player | B8: Price (Cr) | C8: Role | D8: Hand | E8: Country | F8: City
A9: {=IFERROR(INDEX(Auction!$A$5:$A$1000,SMALL(IF(Auction!$C$5:$C$1000=$A$1,ROW(Auction!$C$5:$C$1000)-ROW(Auction!$C$5)+1),ROWS($A$9:A9))),"")} | B9: {=IFERROR(INDEX(Auction!$B$5:$B$1000,SMALL(IF(Auction!$C$5:$C$1000=$A$1,ROW(Auction!$C$5:$C$1000)-ROW(Auction!$C$5)+1),ROWS($A$9:A9))),"")} | C9: =IFERROR(T(VLOOKUP($A9,Players!$A:$E,2,FALSE)),"") | D9: =IFERROR(T(VLOOKUP($A9,Players!$A:$E,3,FALSE)),"") | E9: =IFERROR(T(VLOOKUP($A9,Players!$A:$E,4,FALSE)),"") | F9: =IFERROR(T(VLOOKUP($A9,Players!$A:$E,5,FALSE)),"")
A10: {=IFERROR(INDEX(Auction!$A$5:$A$1000,SMALL(IF(Auction!$C$5:$C$1000=$A$1,ROW(Auction!$C$5:$C$1000)-ROW(Auction!$C$5)+1),ROWS($A$9:A10))),"")} | B10: {=IFERROR(INDEX(Auction!$B$5:$B$1000,SMALL(IF(Auction!$C$5:$C$1000=$A$1,ROW(Auction!$C$5:$C$1000)-ROW(Auction!$C$5)+1),ROWS($A$9:A10))),"")} | C10: =IFERROR(T(VLOOKUP($A10,Players!$A:$E,2,FALSE)),"") | D10: =IFERROR(T(VLOOKUP($A10,Players!$A:$E,3,FALSE)),"") | E10: =IFERROR(T(VLOOKUP($A10,Players!$A:$E,4,FALSE)),"") | F10: =IFERROR(T(VLOOKUP($A10,Players!$A:$E,5,FALSE)),"")
A11: {=IFERROR(INDEX(Auction!$A$5:$A$1000,SMALL(IF(Auction!$C$5:$C$1000=$A$1,ROW(Auction!$C$5:$C$1000)-ROW(Auction!$C$5)+1),ROWS($A$9:A11))),"")} | B11: {=IFERROR(INDEX(Auction!$B$5:$B$1000,SMALL(IF(Auction!$C$5:$C$1000=$A$1,ROW(Auction!$C$5:$C$1000)-ROW(Auction!$C$5)+1),ROWS($A$9:A11))),"")} | C11: =IFERROR(T(VLOOKUP($A11,Players!$A:$E,2,FALSE)),"") | D11: =IFERROR(T(VLOOKUP($A11,Players!$A:$E,3,FALSE)),"") | E11: =IFERROR(T(VLOOKUP($A11,Players!$A:$E,4,FALSE)),"") | F11: =IFERROR(T(VLOOKUP($A11,Players!$A:$E,5,FALSE)),"")
A12: {=IFERROR(INDEX(Auction!$A$5:$A$1000,SMALL(IF(Auction!$C$5:$C$1000=$A$1,ROW(Auction!$C$5:$C$1000)-ROW(Auction!$C$5)+1),ROWS($A$9:A12))),"")} | B12: {=IFERROR(INDEX(Auction!$B$5:$B$1000,SMALL(IF(Auction!$C$5:$C$1000=$A$1,ROW(Auction!$C$5:$C$1000)-ROW(Auction!$C$5)+1),ROWS($A$9:A12))),"")} | C12: =IFERROR(T(VLOOKUP($A12,Players!$A:$E,2,FALSE)),"") | D12: =IFERROR(T(VLOOKUP($A12,Players!$A:$E,3,FALSE)),"") | E12: =IFERROR(T(VLOOKUP($A12,Players!$A:$E,4,FALSE)),"") | F12: =IFERROR(T(VLOOKUP($A12,Players!$A:$E,5,FALSE)),"")
A13: {=IFERROR(INDEX(Auction!$A$5:$A$1000,SMALL(IF(Auction!$C$5:$C$1000=$A$1,ROW(Auction!$C$5:$C$1000)-ROW(Auction!$C$5)+1),ROWS($A$9:A13))),"")} | B13: {=IFERROR(INDEX(Auction!$B$5:$B$1000,SMALL(IF(Auction!$C$5:$C$1000=$A$1,ROW(Auction!$C$5:$C$1000)-ROW(Auction!$C$5)+1),ROWS($A$9:A13))),"")} | C13: =IFERROR(T(VLOOKUP($A13,Players!$A:$E,2,FALSE)),"") | D13: =IFERROR(T(VLOOKUP($A13,Players!$A:$E,3,FALSE)),"") | E13: =IFERROR(T(VLOOKUP($A13,Players!$A:$E,4,FALSE)),"") | F13: =IFERROR(T(VLOOKUP($A13,Players!$A:$E,5,FALSE)),"")
A14: {=IFERROR(INDEX(Auction!$A$5:$A$1000,SMALL(IF(Auction!$C$5:$C$1000=$A$1,ROW(Auction!$C$5:$C$1000)-ROW(Auction!$C$5)+1),ROWS($A$9:A14))),"")} | B14: {=IFERROR(INDEX(Auction!$B$5:$B$1000,SMALL(IF(Auction!$C$5:$C$1000=$A$1,ROW(Auction!$C$5:$C$1000)-ROW(Auction!$C$5)+1),ROWS($A$9:A14))),"")} | C14: =IFERROR(T(VLOOKUP($A14,Players!$A:$E,2,FALSE)),"") | D14: =IFERROR(T(VLOOKUP($A14,Players!$A:$E,3,FALSE)),"") | E14: =IFERROR(T(VLOOKUP($A14,Players!$A:$E,4,FALSE)),"") | F14: =IFERROR(T(VLOOKUP($A14,Players!$A:$E,5,FALSE)),"")
A15: {=IFERROR(INDEX(Auction!$A$5:$A$1000,SMALL(IF(Auction!$C$5:$C$1000=$A$1,ROW(Auction!$C$5:$C$1000)-ROW(Auction!$C$5)+1),ROWS($A$9:A15))),"")} | B15: {=IFERROR(INDEX(Auction!$B$5:$B$1000,SMALL(IF(Auction!$C$5:$C$1000=$A$1,ROW(Auction!$C$5:$C$1000)-ROW(Auction!$C$5)+1),ROWS($A$9:A15))),"")} | C15: =IFERROR(T(VLOOKUP($A15,Players!$A:$E,2,FALSE)),"") | D15: =IFERROR(T(VLOOKUP($A15,Players!$A:$E,3,FALSE)),"") | E15: =IFERROR(T(VLOOKUP($A15,Players!$A:$E,4,FALSE)),"") | F15: =IFERROR(T(VLOOKUP($A15,Players!$A:$E,5,FALSE)),"")
A16: {=IFERROR(INDEX(Auction!$A$5:$A$1000,SMALL(IF(Auction!$C$5:$C$1000=$A$1,ROW(Auction!$C$5:$C$1000)-ROW(Auction!$C$5)+1),ROWS($A$9:A16))),"")} | B16: {=IFERROR(INDEX(Auction!$B$5:$B$1000,SMALL(IF(Auction!$C$5:$C$1000=$A$1,ROW(Auction!$C$5:$C$1000)-ROW(Auction!$C$5)+1),ROWS($A$9:A16))),"")} | C16: =IFERROR(T(VLOOKUP($A16,Players!$A:$E,2,FALSE)),"") | D16: =IFERROR(T(VLOOKUP($A16,Players!$A:$E,3,FALSE)),"") | E16: =IFERROR(T(VLOOKUP($A16,Players!$A:$E,4,FALSE)),"") | F16: =IFERROR(T(VLOOKUP($A16,Players!$A:$E,5,FALSE)),"")
A17: {=IFERROR(INDEX(Auction!$A$5:$A$1000,SMALL(IF(Auction!$C$5:$C$1000=$A$1,ROW(Auction!$C$5:$C$1000)-ROW(Auction!$C$5)+1),ROWS($A$9:A17))),"")} | B17: {=IFERROR(INDEX(Auction!$B$5:$B$1000,SMALL(IF(Auction!$C$5:$C$1000=$A$1,ROW(Auction!$C$5:$C$1000)-ROW(Auction!$C$5)+1),ROWS($A$9:A17))),"")} | C17: =IFERROR(T(VLOOKUP($A17,Players!$A:$E,2,FALSE)),"") | D17: =IFERROR(T(VLOOKUP($A17,Players!$A:$E,3,FALSE)),"") | E17: =IFERROR(T(VLOOKUP($A17,Players!$A:$E,4,FALSE)),"") | F17: =IFERROR(T(VLOOKUP($A17,Players!$A:$E,5,FALSE)),"")
A18: {=IFERROR(INDEX(Auction!$A$5:$A$1000,SMALL(IF(Auction!$C$5:$C$1000=$A$1,ROW(Auction!$C$5:$C$1000)-ROW(Auction!$C$5)+1),ROWS($A$9:A18))),"")} | B18: {=IFERROR(INDEX(Auction!$B$5:$B$1000,SMALL(IF(Auction!$C$5:$C$1000=$A$1,ROW(Auction!$C$5:$C$1000)-ROW(Auction!$C$5)+1),ROWS($A$9:A18))),"")} | C18: =IFERROR(T(VLOOKUP($A18,Players!$A:$E,2,FALSE)),"") | D18: =IFERROR(T(VLOOKUP($A18,Players!$A:$E,3,FALSE)),"") | E18: =IFERROR(T(VLOOKUP($A18,Players!$A:$E,4,FALSE)),"") | F18: =IFERROR(T(VLOOKUP($A18,Players!$A:$E,5,FALSE)),"")
A19: {=IFERROR(INDEX(Auction!$A$5:$A$1000,SMALL(IF(Auction!$C$5:$C$1000=$A$1,ROW(Auction!$C$5:$C$1000)-ROW(Auction!$C$5)+1),ROWS($A$9:A19))),"")} | B19: {=IFERROR(INDEX(Auction!$B$5:$B$1000,SMALL(IF(Auction!$C$5:$C$1000=$A$1,ROW(Auction!$C$5:$C$1000)-ROW(Auction!$C$5)+1),ROWS($A$9:A19))),"")} | C19: =IFERROR(T(VLOOKUP($A19,Players!$A:$E,2,FALSE)),"") | D19: =IFERROR(T(VLOOKUP($A19,Players!$A:$E,3,FALSE)),"") | E19: =IFERROR(T(VLOOKUP($A19,Players!$A:$E,4,FALSE)),"") | F19: =IFERROR(T(VLOOKUP($A19,Players!$A:$E,5,FALSE)),"")
A20: {=IFERROR(INDEX(Auction!$A$5:$A$1000,SMALL(IF(Auction!$C$5:$C$1000=$A$1,ROW(Auction!$C$5:$C$1000)-ROW(Auction!$C$5)+1),ROWS($A$9:A20))),"")} | B20: {=IFERROR(INDEX(Auction!$B$5:$B$1000,SMALL(IF(Auction!$C$5:$C$1000=$A$1,ROW(Auction!$C$5:$C$1000)-ROW(Auction!$C$5)+1),ROWS($A$9:A20))),"")} | C20: =IFERROR(T(VLOOKUP($A20,Players!$A:$E,2,FALSE)),"") | D20: =IFERROR(T(VLOOKUP($A20,Players!$A:$E,3,FALSE)),"") | E20: =IFERROR(T(VLOOKUP($A20,Players!$A:$E,4,FALSE)),"") | F20: =IFERROR(T(VLOOKUP($A20,Players!$A:$E,5,FALSE)),"")
... A48: {=IFERROR(INDEX(Auction!$A$5:$A$1000,SMALL(IF(Auction!$C$5:$C$1000=$A$1,ROW(Auction!$C$5:$C$1000)-ROW(Auction!$C$5)+1),ROWS($A$9:A48))),"")} | B48: {=IFERROR(INDEX(Auction!$B$5:$B$1000,SMALL(IF(Auction!$C$5:$C$1000=$A$1,ROW(Auction!$C$5:$C$1000)-ROW(Auction!$C$5)+1),ROWS($A$9:A48))),"")} | C48: =IFERROR(T(VLOOKUP($A48,Players!$A:$E,2,FALSE)),"") | D48: =IFERROR(T(VLOOKUP($A48,Players!$A:$E,3,FALSE)),"") | E48: =IFERROR(T(VLOOKUP($A48,Players!$A:$E,4,FALSE)),"") | F48: =IFERROR(T(VLOOKUP($A48,Players!$A:$E,5,FALSE)),"")

Sheet Kochi Tuskers
A1: =Balance!A17
A3: Purse (Cr) | B3: =Balance!B17
A4: Spent (Cr) | B4: =Balance!C17
A5: Balance (Cr) | B5: =Balance!D17
A6: Players | B6: =Balance!E17
A8: Player | B8: Price (Cr) | C8: Role | D8: Hand | E8: Country | F8: City
A9: {=IFERROR(INDEX(Auction!$A$5:$A$1000,SMALL(IF(Auction!$C$5:$C$1000=$A$1,ROW(Auction!$C$5:$C$1000)-ROW(Auction!$C$5)+1),ROWS($A$9:A9))),"")} | B9: {=IFERROR(INDEX(Auction!$B$5:$B$1000,SMALL(IF(Auction!$C$5:$C$1000=$A$1,ROW(Auction!$C$5:$C$1000)-ROW(Auction!$C$5)+1),ROWS($A$9:A9))),"")} | C9: =IFERROR(T(VLOOKUP($A9,Players!$A:$E,2,FALSE)),"") | D9: =IFERROR(T(VLOOKUP($A9,Players!$A:$E,3,FALSE)),"") | E9: =IFERROR(T(VLOOKUP($A9,Players!$A:$E,4,FALSE)),"") | F9: =IFERROR(T(VLOOKUP($A9,Players!$A:$E,5,FALSE)),"")
A10: {=IFERROR(INDEX(Auction!$A$5:$A$1000,SMALL(IF(Auction!$C$5:$C$1000=$A$1,ROW(Auction!$C$5:$C$1000)-ROW(Auction!$C$5)+1),ROWS($A$9:A10))),"")} | B10: {=IFERROR(INDEX(Auction!$B$5:$B$1000,SMALL(IF(Auction!$C$5:$C$1000=$A$1,ROW(Auction!$C$5:$C$1000)-ROW(Auction!$C$5)+1),ROWS($A$9:A10))),"")} | C10: =IFERROR(T(VLOOKUP($A10,Players!$A:$E,2,FALSE)),"") | D10: =IFERROR(T(VLOOKUP($A10,Players!$A:$E,3,FALSE)),"") | E10: =IFERROR(T(VLOOKUP($A10,Players!$A:$E,4,FALSE)),"") | F10: =IFERROR(T(VLOOKUP($A10,Players!$A:$E,5,FALSE)),"")
A11: {=IFERROR(INDEX(Auction!$A$5:$A$1000,SMALL(IF(Auction!$C$5:$C$1000=$A$1,ROW(Auction!$C$5:$C$1000)-ROW(Auction!$C$5)+1),ROWS($A$9:A11))),"")} | B11: {=IFERROR(INDEX(Auction!$B$5:$B$1000,SMALL(IF(Auction!$C$5:$C$1000=$A$1,ROW(Auction!$C$5:$C$1000)-ROW(Auction!$C$5)+1),ROWS($A$9:A11))),"")} | C11: =IFERROR(T(VLOOKUP($A11,Players!$A:$E,2,FALSE)),"") | D11: =IFERROR(T(VLOOKUP($A11,Players!$A:$E,3,FALSE)),"") | E11: =IFERROR(T(VLOOKUP($A11,Players!$A:$E,4,FALSE)),"") | F11: =IFERROR(T(VLOOKUP($A11,Players!$A:$E,5,FALSE)),"")
A12: {=IFERROR(INDEX(Auction!$A$5:$A$1000,SMALL(IF(Auction!$C$5:$C$1000=$A$1,ROW(Auction!$C$5:$C$1000)-ROW(Auction!$C$5)+1),ROWS($A$9:A12))),"")} | B12: {=IFERROR(INDEX(Auction!$B$5:$B$1000,SMALL(IF(Auction!$C$5:$C$1000=$A$1,ROW(Auction!$C$5:$C$1000)-ROW(Auction!$C$5)+1),ROWS($A$9:A12))),"")} | C12: =IFERROR(T(VLOOKUP($A12,Players!$A:$E,2,FALSE)),"") | D12: =IFERROR(T(VLOOKUP($A12,Players!$A:$E,3,FALSE)),"") | E12: =IFERROR(T(VLOOKUP($A12,Players!$A:$E,4,FALSE)),"") | F12: =IFERROR(T(VLOOKUP($A12,Players!$A:$E,5,FALSE)),"")
A13: {=IFERROR(INDEX(Auction!$A$5:$A$1000,SMALL(IF(Auction!$C$5:$C$1000=$A$1,ROW(Auction!$C$5:$C$1000)-ROW(Auction!$C$5)+1),ROWS($A$9:A13))),"")} | B13: {=IFERROR(INDEX(Auction!$B$5:$B$1000,SMALL(IF(Auction!$C$5:$C$1000=$A$1,ROW(Auction!$C$5:$C$1000)-ROW(Auction!$C$5)+1),ROWS($A$9:A13))),"")} | C13: =IFERROR(T(VLOOKUP($A13,Players!$A:$E,2,FALSE)),"") | D13: =IFERROR(T(VLOOKUP($A13,Players!$A:$E,3,FALSE)),"") | E13: =IFERROR(T(VLOOKUP($A13,Players!$A:$E,4,FALSE)),"") | F13: =IFERROR(T(VLOOKUP($A13,Players!$A:$E,5,FALSE)),"")
A14: {=IFERROR(INDEX(Auction!$A$5:$A$1000,SMALL(IF(Auction!$C$5:$C$1000=$A$1,ROW(Auction!$C$5:$C$1000)-ROW(Auction!$C$5)+1),ROWS($A$9:A14))),"")} | B14: {=IFERROR(INDEX(Auction!$B$5:$B$1000,SMALL(IF(Auction!$C$5:$C$1000=$A$1,ROW(Auction!$C$5:$C$1000)-ROW(Auction!$C$5)+1),ROWS($A$9:A14))),"")} | C14: =IFERROR(T(VLOOKUP($A14,Players!$A:$E,2,FALSE)),"") | D14: =IFERROR(T(VLOOKUP($A14,Players!$A:$E,3,FALSE)),"") | E14: =IFERROR(T(VLOOKUP($A14,Players!$A:$E,4,FALSE)),"") | F14: =IFERROR(T(VLOOKUP($A14,Players!$A:$E,5,FALSE)),"")
A15: {=IFERROR(INDEX(Auction!$A$5:$A$1000,SMALL(IF(Auction!$C$5:$C$1000=$A$1,ROW(Auction!$C$5:$C$1000)-ROW(Auction!$C$5)+1),ROWS($A$9:A15))),"")} | B15: {=IFERROR(INDEX(Auction!$B$5:$B$1000,SMALL(IF(Auction!$C$5:$C$1000=$A$1,ROW(Auction!$C$5:$C$1000)-ROW(Auction!$C$5)+1),ROWS($A$9:A15))),"")} | C15: =IFERROR(T(VLOOKUP($A15,Players!$A:$E,2,FALSE)),"") | D15: =IFERROR(T(VLOOKUP($A15,Players!$A:$E,3,FALSE)),"") | E15: =IFERROR(T(VLOOKUP($A15,Players!$A:$E,4,FALSE)),"") | F15: =IFERROR(T(VLOOKUP($A15,Players!$A:$E,5,FALSE)),"")
A16: {=IFERROR(INDEX(Auction!$A$5:$A$1000,SMALL(IF(Auction!$C$5:$C$1000=$A$1,ROW(Auction!$C$5:$C$1000)-ROW(Auction!$C$5)+1),ROWS($A$9:A16))),"")} | B16: {=IFERROR(INDEX(Auction!$B$5:$B$1000,SMALL(IF(Auction!$C$5:$C$1000=$A$1,ROW(Auction!$C$5:$C$1000)-ROW(Auction!$C$5)+1),ROWS($A$9:A16))),"")} | C16: =IFERROR(T(VLOOKUP($A16,Players!$A:$E,2,FALSE)),"") | D16: =IFERROR(T(VLOOKUP($A16,Players!$A:$E,3,FALSE)),"") | E16: =IFERROR(T(VLOOKUP($A16,Players!$A:$E,4,FALSE)),"") | F16: =IFERROR(T(VLOOKUP($A16,Players!$A:$E,5,FALSE)),"")
A17: {=IFERROR(INDEX(Auction!$A$5:$A$1000,SMALL(IF(Auction!$C$5:$C$1000=$A$1,ROW(Auction!$C$5:$C$1000)-ROW(Auction!$C$5)+1),ROWS($A$9:A17))),"")} | B17: {=IFERROR(INDEX(Auction!$B$5:$B$1000,SMALL(IF(Auction!$C$5:$C$1000=$A$1,ROW(Auction!$C$5:$C$1000)-ROW(Auction!$C$5)+1),ROWS($A$9:A17))),"")} | C17: =IFERROR(T(VLOOKUP($A17,Players!$A:$E,2,FALSE)),"") | D17: =IFERROR(T(VLOOKUP($A17,Players!$A:$E,3,FALSE)),"") | E17: =IFERROR(T(VLOOKUP($A17,Players!$A:$E,4,FALSE)),"") | F17: =IFERROR(T(VLOOKUP($A17,Players!$A:$E,5,FALSE)),"")
A18: {=IFERROR(INDEX(Auction!$A$5:$A$1000,SMALL(IF(Auction!$C$5:$C$1000=$A$1,ROW(Auction!$C$5:$C$1000)-ROW(Auction!$C$5)+1),ROWS($A$9:A18))),"")} | B18: {=IFERROR(INDEX(Auction!$B$5:$B$1000,SMALL(IF(Auction!$C$5:$C$1000=$A$1,ROW(Auction!$C$5:$C$1000)-ROW(Auction!$C$5)+1),ROWS($A$9:A18))),"")} | C18: =IFERROR(T(VLOOKUP($A18,Players!$A:$E,2,FALSE)),"") | D18: =IFERROR(T(VLOOKUP($A18,Players!$A:$E,3,FALSE)),"") | E18: =IFERROR(T(VLOOKUP($A18,Players!$A:$E,4,FALSE)),"") | F18: =IFERROR(T(VLOOKUP($A18,Players!$A:$E,5,FALSE)),"")
A19: {=IFERROR(INDEX(Auction!$A$5:$A$1000,SMALL(IF(Auction!$C$5:$C$1000=$A$1,ROW(Auction!$C$5:$C$1000)-ROW(Auction!$C$5)+1),ROWS($A$9:A19))),"")} | B19: {=IFERROR(INDEX(Auction!$B$5:$B$1000,SMALL(IF(Auction!$C$5:$C$1000=$A$1,ROW(Auction!$C$5:$C$1000)-ROW(Auction!$C$5)+1),ROWS($A$9:A19))),"")} | C19: =IFERROR(T(VLOOKUP($A19,Players!$A:$E,2,FALSE)),"") | D19: =IFERROR(T(VLOOKUP($A19,Players!$A:$E,3,FALSE)),"") | E19: =IFERROR(T(VLOOKUP($A19,Players!$A:$E,4,FALSE)),"") | F19: =IFERROR(T(VLOOKUP($A19,Players!$A:$E,5,FALSE)),"")
A20: {=IFERROR(INDEX(Auction!$A$5:$A$1000,SMALL(IF(Auction!$C$5:$C$1000=$A$1,ROW(Auction!$C$5:$C$1000)-ROW(Auction!$C$5)+1),ROWS($A$9:A20))),"")} | B20: {=IFERROR(INDEX(Auction!$B$5:$B$1000,SMALL(IF(Auction!$C$5:$C$1000=$A$1,ROW(Auction!$C$5:$C$1000)-ROW(Auction!$C$5)+1),ROWS($A$9:A20))),"")} | C20: =IFERROR(T(VLOOKUP($A20,Players!$A:$E,2,FALSE)),"") | D20: =IFERROR(T(VLOOKUP($A20,Players!$A:$E,3,FALSE)),"") | E20: =IFERROR(T(VLOOKUP($A20,Players!$A:$E,4,FALSE)),"") | F20: =IFERROR(T(VLOOKUP($A20,Players!$A:$E,5,FALSE)),"")
... A48: {=IFERROR(INDEX(Auction!$A$5:$A$1000,SMALL(IF(Auction!$C$5:$C$1000=$A$1,ROW(Auction!$C$5:$C$1000)-ROW(Auction!$C$5)+1),ROWS($A$9:A48))),"")} | B48: {=IFERROR(INDEX(Auction!$B$5:$B$1000,SMALL(IF(Auction!$C$5:$C$1000=$A$1,ROW(Auction!$C$5:$C$1000)-ROW(Auction!$C$5)+1),ROWS($A$9:A48))),"")} | C48: =IFERROR(T(VLOOKUP($A48,Players!$A:$E,2,FALSE)),"") | D48: =IFERROR(T(VLOOKUP($A48,Players!$A:$E,3,FALSE)),"") | E48: =IFERROR(T(VLOOKUP($A48,Players!$A:$E,4,FALSE)),"") | F48: =IFERROR(T(VLOOKUP($A48,Players!$A:$E,5,FALSE)),"")

Sheet Guwahati Chargers
A1: =Balance!A18
A3: Purse (Cr) | B3: =Balance!B18
A4: Spent (Cr) | B4: =Balance!C18
A5: Balance (Cr) | B5: =Balance!D18
A6: Players | B6: =Balance!E18
A8: Player | B8: Price (Cr) | C8: Role | D8: Hand | E8: Country | F8: City
A9: {=IFERROR(INDEX(Auction!$A$5:$A$1000,SMALL(IF(Auction!$C$5:$C$1000=$A$1,ROW(Auction!$C$5:$C$1000)-ROW(Auction!$C$5)+1),ROWS($A$9:A9))),"")} | B9: {=IFERROR(INDEX(Auction!$B$5:$B$1000,SMALL(IF(Auction!$C$5:$C$1000=$A$1,ROW(Auction!$C$5:$C$1000)-ROW(Auction!$C$5)+1),ROWS($A$9:A9))),"")} | C9: =IFERROR(T(VLOOKUP($A9,Players!$A:$E,2,FALSE)),"") | D9: =IFERROR(T(VLOOKUP($A9,Players!$A:$E,3,FALSE)),"") | E9: =IFERROR(T(VLOOKUP($A9,Players!$A:$E,4,FALSE)),"") | F9: =IFERROR(T(VLOOKUP($A9,Players!$A:$E,5,FALSE)),"")
A10: {=IFERROR(INDEX(Auction!$A$5:$A$1000,SMALL(IF(Auction!$C$5:$C$1000=$A$1,ROW(Auction!$C$5:$C$1000)-ROW(Auction!$C$5)+1),ROWS($A$9:A10))),"")} | B10: {=IFERROR(INDEX(Auction!$B$5:$B$1000,SMALL(IF(Auction!$C$5:$C$1000=$A$1,ROW(Auction!$C$5:$C$1000)-ROW(Auction!$C$5)+1),ROWS($A$9:A10))),"")} | C10: =IFERROR(T(VLOOKUP($A10,Players!$A:$E,2,FALSE)),"") | D10: =IFERROR(T(VLOOKUP($A10,Players!$A:$E,3,FALSE)),"") | E10: =IFERROR(T(VLOOKUP($A10,Players!$A:$E,4,FALSE)),"") | F10: =IFERROR(T(VLOOKUP($A10,Players!$A:$E,5,FALSE)),"")
A11: {=IFERROR(INDEX(Auction!$A$5:$A$1000,SMALL(IF(Auction!$C$5:$C$1000=$A$1,ROW(Auction!$C$5:$C$1000)-ROW(Auction!$C$5)+1),ROWS($A$9:A11))),"")} | B11: {=IFERROR(INDEX(Auction!$B$5:$B$1000,SMALL(IF(Auction!$C$5:$C$1000=$A$1,ROW(Auction!$C$5:$C$1000)-ROW(Auction!$C$5)+1),ROWS($A$9:A11))),"")} | C11: =IFERROR(T(VLOOKUP($A11,Players!$A:$E,2,FALSE)),"") | D11: =IFERROR(T(VLOOKUP($A11,Players!$A:$E,3,FALSE)),"") | E11: =IFERROR(T(VLOOKUP($A11,Players!$A:$E,4,FALSE)),"") | F11: =IFERROR(T(VLOOKUP($A11,Players!$A:$E,5,FALSE)),"")
A12: {=IFERROR(INDEX(Auction!$A$5:$A$1000,SMALL(IF(Auction!$C$5:$C$1000=$A$1,ROW(Auction!$C$5:$C$1000)-ROW(Auction!$C$5)+1),ROWS($A$9:A12))),"")} | B12: {=IFERROR(INDEX(Auction!$B$5:$B$1000,SMALL(IF(Auction!$C$5:$C$1000=$A$1,ROW(Auction!$C$5:$C$1000)-ROW(Auction!$C$5)+1),ROWS($A$9:A12))),"")} | C12: =IFERROR(T(VLOOKUP($A12,Players!$A:$E,2,FALSE)),"") | D12: =IFERROR(T(VLOOKUP($A12,Players!$A:$E,3,FALSE)),"") | E12: =IFERROR(T(VLOOKUP($A12,Players!$A:$E,4,FALSE)),"") | F12: =IFERROR(T(VLOOKUP($A12,Players!$A:$E,5,FALSE)),"")
A13: {=IFERROR(INDEX(Auction!$A$5:$A$1000,SMALL(IF(Auction!$C$5:$C$1000=$A$1,ROW(Auction!$C$5:$C$1000)-ROW(Auction!$C$5)+1),ROWS($A$9:A13))),"")} | B13: {=IFERROR(INDEX(Auction!$B$5:$B$1000,SMALL(IF(Auction!$C$5:$C$1000=$A$1,ROW(Auction!$C$5:$C$1000)-ROW(Auction!$C$5)+1),ROWS($A$9:A13))),"")} | C13: =IFERROR(T(VLOOKUP($A13,Players!$A:$E,2,FALSE)),"") | D13: =IFERROR(T(VLOOKUP($A13,Players!$A:$E,3,FALSE)),"") | E13: =IFERROR(T(VLOOKUP($A13,Players!$A:$E,4,FALSE)),"") | F13: =IFERROR(T(VLOOKUP($A13,Players!$A:$E,5,FALSE)),"")
A14: {=IFERROR(INDEX(Auction!$A$5:$A$1000,SMALL(IF(Auction!$C$5:$C$1000=$A$1,ROW(Auction!$C$5:$C$1000)-ROW(Auction!$C$5)+1),ROWS($A$9:A14))),"")} | B14: {=IFERROR(INDEX(Auction!$B$5:$B$1000,SMALL(IF(Auction!$C$5:$C$1000=$A$1,ROW(Auction!$C$5:$C$1000)-ROW(Auction!$C$5)+1),ROWS($A$9:A14))),"")} | C14: =IFERROR(T(VLOOKUP($A14,Players!$A:$E,2,FALSE)),"") | D14: =IFERROR(T(VLOOKUP($A14,Players!$A:$E,3,FALSE)),"") | E14: =IFERROR(T(VLOOKUP($A14,Players!$A:$E,4,FALSE)),"") | F14: =IFERROR(T(VLOOKUP($A14,Players!$A:$E,5,FALSE)),"")
A15: {=IFERROR(INDEX(Auction!$A$5:$A$1000,SMALL(IF(Auction!$C$5:$C$1000=$A$1,ROW(Auction!$C$5:$C$1000)-ROW(Auction!$C$5)+1),ROWS($A$9:A15))),"")} | B15: {=IFERROR(INDEX(Auction!$B$5:$B$1000,SMALL(IF(Auction!$C$5:$C$1000=$A$1,ROW(Auction!$C$5:$C$1000)-ROW(Auction!$C$5)+1),ROWS($A$9:A15))),"")} | C15: =IFERROR(T(VLOOKUP($A15,Players!$A:$E,2,FALSE)),"") | D15: =IFERROR(T(VLOOKUP($A15,Players!$A:$E,3,FALSE)),"") | E15: =IFERROR(T(VLOOKUP($A15,Players!$A:$E,4,FALSE)),"") | F15: =IFERROR(T(VLOOKUP($A15,Players!$A:$E,5,FALSE)),"")
A16: {=IFERROR(INDEX(Auction!$A$5:$A$1000,SMALL(IF(Auction!$C$5:$C$1000=$A$1,ROW(Auction!$C$5:$C$1000)-ROW(Auction!$C$5)+1),ROWS($A$9:A16))),"")} | B16: {=IFERROR(INDEX(Auction!$B$5:$B$1000,SMALL(IF(Auction!$C$5:$C$1000=$A$1,ROW(Auction!$C$5:$C$1000)-ROW(Auction!$C$5)+1),ROWS($A$9:A16))),"")} | C16: =IFERROR(T(VLOOKUP($A16,Players!$A:$E,2,FALSE)),"") | D16: =IFERROR(T(VLOOKUP($A16,Players!$A:$E,3,FALSE)),"") | E16: =IFERROR(T(VLOOKUP($A16,Players!$A:$E,4,FALSE)),"") | F16: =IFERROR(T(VLOOKUP($A16,Players!$A:$E,5,FALSE)),"")
A17: {=IFERROR(INDEX(Auction!$A$5:$A$1000,SMALL(IF(Auction!$C$5:$C$1000=$A$1,ROW(Auction!$C$5:$C$1000)-ROW(Auction!$C$5)+1),ROWS($A$9:A17))),"")} | B17: {=IFERROR(INDEX(Auction!$B$5:$B$1000,SMALL(IF(Auction!$C$5:$C$1000=$A$1,ROW(Auction!$C$5:$C$1000)-ROW(Auction!$C$5)+1),ROWS($A$9:A17))),"")} | C17: =IFERROR(T(VLOOKUP($A17,Players!$A:$E,2,FALSE)),"") | D17: =IFERROR(T(VLOOKUP($A17,Players!$A:$E,3,FALSE)),"") | E17: =IFERROR(T(VLOOKUP($A17,Players!$A:$E,4,FALSE)),"") | F17: =IFERROR(T(VLOOKUP($A17,Players!$A:$E,5,FALSE)),"")
A18: {=IFERROR(INDEX(Auction!$A$5:$A$1000,SMALL(IF(Auction!$C$5:$C$1000=$A$1,ROW(Auction!$C$5:$C$1000)-ROW(Auction!$C$5)+1),ROWS($A$9:A18))),"")} | B18: {=IFERROR(INDEX(Auction!$B$5:$B$1000,SMALL(IF(Auction!$C$5:$C$1000=$A$1,ROW(Auction!$C$5:$C$1000)-ROW(Auction!$C$5)+1),ROWS($A$9:A18))),"")} | C18: =IFERROR(T(VLOOKUP($A18,Players!$A:$E,2,FALSE)),"") | D18: =IFERROR(T(VLOOKUP($A18,Players!$A:$E,3,FALSE)),"") | E18: =IFERROR(T(VLOOKUP($A18,Players!$A:$E,4,FALSE)),"") | F18: =IFERROR(T(VLOOKUP($A18,Players!$A:$E,5,FALSE)),"")
A19: {=IFERROR(INDEX(Auction!$A$5:$A$1000,SMALL(IF(Auction!$C$5:$C$1000=$A$1,ROW(Auction!$C$5:$C$1000)-ROW(Auction!$C$5)+1),ROWS($A$9:A19))),"")} | B19: {=IFERROR(INDEX(Auction!$B$5:$B$1000,SMALL(IF(Auction!$C$5:$C$1000=$A$1,ROW(Auction!$C$5:$C$1000)-ROW(Auction!$C$5)+1),ROWS($A$9:A19))),"")} | C19: =IFERROR(T(VLOOKUP($A19,Players!$A:$E,2,FALSE)),"") | D19: =IFERROR(T(VLOOKUP($A19,Players!$A:$E,3,FALSE)),"") | E19: =IFERROR(T(VLOOKUP($A19,Players!$A:$E,4,FALSE)),"") | F19: =IFERROR(T(VLOOKUP($A19,Players!$A:$E,5,FALSE)),"")
A20: {=IFERROR(INDEX(Auction!$A$5:$A$1000,SMALL(IF(Auction!$C$5:$C$1000=$A$1,ROW(Auction!$C$5:$C$1000)-ROW(Auction!$C$5)+1),ROWS($A$9:A20))),"")} | B20: {=IFERROR(INDEX(Auction!$B$5:$B$1000,SMALL(IF(Auction!$C$5:$C$1000=$A$1,ROW(Auction!$C$5:$C$1000)-ROW(Auction!$C$5)+1),ROWS($A$9:A20))),"")} | C20: =IFERROR(T(VLOOKUP($A20,Players!$A:$E,2,FALSE)),"") | D20: =IFERROR(T(VLOOKUP($A20,Players!$A:$E,3,FALSE)),"") | E20: =IFERROR(T(VLOOKUP($A20,Players!$A:$E,4,FALSE)),"") | F20: =IFERROR(T(VLOOKUP($A20,Players!$A:$E,5,FALSE)),"")
... A48: {=IFERROR(INDEX(Auction!$A$5:$A$1000,SMALL(IF(Auction!$C$5:$C$1000=$A$1,ROW(Auction!$C$5:$C$1000)-ROW(Auction!$C$5)+1),ROWS($A$9:A48))),"")} | B48: {=IFERROR(INDEX(Auction!$B$5:$B$1000,SMALL(IF(Auction!$C$5:$C$1000=$A$1,ROW(Auction!$C$5:$C$1000)-ROW(Auction!$C$5)+1),ROWS($A$9:A48))),"")} | C48: =IFERROR(T(VLOOKUP($A48,Players!$A:$E,2,FALSE)),"") | D48: =IFERROR(T(VLOOKUP($A48,Players!$A:$E,3,FALSE)),"") | E48: =IFERROR(T(VLOOKUP($A48,Players!$A:$E,4,FALSE)),"") | F48: =IFERROR(T(VLOOKUP($A48,Players!$A:$E,5,FALSE)),"")

Sheet Players
A1: PLAYER INFO (edit here — Role/Hand/Country/City feed the other sheets)
A2: Player | B2: Role | C2: Hand | D2: Country | E2: City | F2: Base (Cr) | G2: Grade
A3: Virat Kohli | B3: Batsman | C3: Right | F3: 3 | G3: A
A4: Sai Sudharsan | B4: Batsman | C4: Left | F4: 3 | G4: A
A5: Suryakumar Yadav | B5: Batsman | C5: Right | F5: 3 | G5: A
A6: Shubman Gill | B6: Batsman | C6: Right | F6: 3 | G6: A
A7: Nicholas Pooran | B7: Batsman | C7: Left | F7: 3 | G7: A
A8: Travis Head | B8: Batsman | C8: Left | F8: 3 | G8: A
A9: Abhishek Sharma | B9: Batsman | C9: Left | F9: 3 | G9: A
A10: Yashasvi Jaiswal | B10: Batsman | C10: Left | F10: 3 | G10: A
A11: Phil Salt | B11: Batsman | C11: Right | F11: 3 | G11: A
A12: Vaibhav Suryavanshi | B12: Batsman | C12: Left | F12: 3 | G12: A
A13: Jasprit Bumrah | B13: Bowler | C13: Right | F13: 3 | G13: A
A14: Arshdeep Singh | B14: Bowler | C14: Left | F14: 3 | G14: A
... A184: Krishnappa Gowtham | B184: All Rounder | C184: Right | F184: 1 | G184: C
A185: Sikandar Raza | B185: All Rounder | C185: Right | D185: Zimbabwe | F185: 1 | G185: C
A186: Shakib Al Hasan | B186: All Rounder | C186: Left | D186: Bangladesh | F186: 1 | G186: C
A187: Daryl Mitchell | B187: All Rounder | C187: Right | F187: 1 | G187: C
A188: Roston Chase | B188: All Rounder | C188: Right | D188: West Indies | F188: 1 | G188: C
A189: Odean Smith | B189: All Rounder | C189: Right | F189: 1 | G189: C
A190: Chamika Karunaratne | B190: All Rounder | C190: Right | D190: Sri Lanka | F190: 1 | G190: C
A191: Daniel Sams | B191: All Rounder | C191: Left | F191: 1 | G191: C
A192: Matthew Short | B192: All Rounder | C192: Right | F192: 1 | G192: C
A193: Wiaan Mulder | B193: All Rounder | C193: Right | D193: South Africa | F193: 1 | G193: C
A194: Kyle Mayers | B194: All Rounder | C194: Left | F194: 1 | G194: C
A195: Dasun Shanaka | B195: All Rounder | C195: Right | D195: Sri Lanka | F195: 1 | G195: C
A196: Jason Holder | B196: All Rounder | C196: Right | D196: West Indies | F196: 1 | G196: C
A197: Jimmy Neesham | B197: All Rounder | C197: Left | D197: New Zealand | F197: 1 | G197: C
A198: Chris Green | B198: All Rounder | C198: Right | F198: 1 | G198: C
A199: Nishant Sindhu | B199: All Rounder | C199: Left | F199: 1 | G199: C
A200: Shams Mulani | B200: All Rounder | C200: Left | F200: 1 | G200: C
A201: Raj Bawa | B201: All Rounder | C201: Left | F201: 1 | G201: C
A202: Sanvir Singh | B202: All Rounder | C202: Right | F202: 1 | G202: C
A203: Manvanth Kumar | B203: All Rounder | C203: Right | F203: 1 | G203: C
A204: Bipin Saurabh | B204: All Rounder | C204: Left | F204: 1 | G204: C
A205: Saurabh Kumar | B205: All Rounder | C205: Left | F205: 1 | G205: C
A206: Harsh Dubey | B206: All Rounder | C206: Left | F206: 1 | G206: C
A207: Anukul Roy | B207: All Rounder | C207: Left | F207: 1 | G207: C
A208: Tanush Kotian | B208: All Rounder | C208: Right | F208: 1 | G208: C
A209: KS Bharat | B209: Wicketkeeper | C209: Right | F209: 1 | G209: C
... A212: Urvil Patel | B212: Wicketkeeper | C212: Right | F212: 1 | G212: C
A213: Joe Root | B213: Batsman | D213: England | F213: 0.5 | G213: D
A214: Dawid Malan | B214: Batsman | D214: England | F214: 0.5 | G214: D
A215: Tom Bruce | B215: Batsman | D215: New Zealand | F215: 0.5 | G215: D
A216: Ben McKinney | B216: Batsman | D216: England | F216: 0.5 | G216: D
A217: Sam Konstas | B217: Batsman | D217: Australia | F217: 0.5 | G217: D
A218: Hugh Weibgen | B218: Batsman | D218: Australia | F218: 0.5 | G218: D
A219: Harry Dixon | B219: Batsman | D219: Australia | F219: 0.5 | G219: D
A220: Lhuan-dré Pretorius | B220: Batsman | D220: South Africa | F220: 0.5 | G220: D
A221: Ollie Peake | B221: Batsman | D221: Australia | F221: 0.5 | G221: D
A222: Hamza Shaikh | B222: Batsman | D222: England | F222: 0.5 | G222: D
A223: Shaheen Shah Afridi | B223: Bowler | D223: Pakistan | F223: 0.5 | G223: D
A224: Haris Rauf | B224: Bowler | D224: Pakistan | F224: 0.5 | G224: D
... A234: Tim Seifert | B234: Wicketkeeper | D234: New Zealand | F234: 0.5 | G234: D
A235: Amit Shukla | B235: All Rounder | D235: India | E235: Services | F235: 0.5 | G235: D
A236: Devang Karamta | B236: Bowler | D236: India | E236: Gujarat | F236: 0.5 | G236: D
A237: Yuvraj Singh Dodiya | B237: All Rounder | D237: India | E237: Saurashtra | F237: 0.5 | G237: D
A238: Parth Rekhade | B238: All Rounder | D238: India | E238: Vidarbha | F238: 0.5 | G238: D
A239: Siddharth Desai | B239: Bowler | D239: India | E239: Gujarat | F239: 0.5 | G239: D
A240: Dharmendrasinh Jadeja | B240: Bowler | D240: India | E240: Saurashtra | F240: 0.5 | G240: D
A241: Karan Patel | B241: All Rounder | D241: India | E241: Gujarat | F241: 0.5 | G241: D
A242: Jaymeet Patel | B242: Batsman | D242: India | E242: Gujarat | F242: 0.5 | G242: D
A243: Het Patel | B243: Batsman | D243: India | E243: Gujarat | F243: 0.5 | G243: D
A244: Urvil Panchal | B244: Batsman | D244: India | E244: Gujarat | F244: 0.5 | G244: D
A245: Akshit Goel | B245: Batsman | D245: India | E245: Haryana | F245: 0.5 | G245: D
A246: Nishchal Dahiya | B246: Batsman | D246: India | E246: Haryana | F246: 0.5 | G246: D
... A282: Abishek Porel | B282: Wicketkeeper | D282: India | E282: Bengal | F282: 0.5 | G282: D
A283: Mohammad Amir
A284: Akhil
A285: Abhishek Powel
